shipment,origin,destination,carrier,departure,arrival,carrier_eta
DRL00001,CNSHA,NLRTM,MSCU,2022-01-01,2022-02-04,2022-02-03
DRL00002,CNSHA,NLRTM,MSCU,2022-01-01,2022-01-30,2022-02-03
DRL00003,CNSHA,NLRTM,MAEU,2022-01-02,2022-01-31,2022-02-04
DRL00004,CNSHA,NLRTM,CMA,2022-01-02,2022-02-03,2022-02-04
DRL00005,CNSHA,NLRTM,MAEU,2022-01-03,2022-02-04,2022-02-05
DRL00006,CNSHA,NLRTM,MAEU,2022-01-03,2022-01-29,2022-02-05
DRL00007,CNSHA,NLRTM,MAEU,2022-01-03,2022-02-01,2022-02-05
DRL00008,CNSHA,NLRTM,MSCU,2022-01-03,2022-02-01,2022-02-05
DRL00009,CNSHA,NLRTM,MAEU,2022-01-05,2022-02-08,2022-02-07
DRL00010,CNSHA,NLRTM,MSCU,2022-01-05,2022-02-05,2022-02-07
DRL00011,CNSHA,NLRTM,MSCU,2022-01-06,2022-02-08,2022-02-08
DRL00012,CNSHA,NLRTM,CMA,2022-01-06,2022-02-02,2022-02-08
DRL00013,CNSHA,NLRTM,MSCU,2022-01-06,2022-02-07,2022-02-08
DRL00014,CNSHA,NLRTM,CMA,2022-01-07,2022-02-07,2022-02-09
DRL00015,CNSHA,NLRTM,MSCU,2022-01-07,2022-02-04,2022-02-09
DRL00016,CNSHA,NLRTM,MAEU,2022-01-08,2022-02-14,2022-02-10
DRL00017,CNSHA,NLRTM,MSCU,2022-01-08,2022-02-05,2022-02-10
DRL00018,CNSHA,NLRTM,MSCU,2022-01-09,2022-02-10,2022-02-11
DRL00019,CNSHA,NLRTM,CMA,2022-01-09,2022-02-06,2022-02-11
DRL00020,CNSHA,NLRTM,MSCU,2022-01-10,2022-02-08,2022-02-12
DRL00021,CNSHA,NLRTM,MAEU,2022-01-11,2022-02-14,2022-02-13
DRL00022,CNSHA,NLRTM,CMA,2022-01-11,2022-02-07,2022-02-13
DRL00023,CNSHA,NLRTM,MSCU,2022-01-13,2022-02-16,2022-02-15
DRL00024,CNSHA,NLRTM,MSCU,2022-01-13,2022-02-13,2022-02-15
DRL00025,CNSHA,NLRTM,MAEU,2022-01-14,2022-02-20,2022-02-16
DRL00026,CNSHA,NLRTM,MAEU,2022-01-14,2022-02-16,2022-02-16
DRL00027,CNSHA,NLRTM,MAEU,2022-01-14,2022-02-14,2022-02-16
DRL00028,CNSHA,NLRTM,CMA,2022-01-15,2022-02-13,2022-02-17
DRL00029,CNSHA,NLRTM,MAEU,2022-01-16,2022-02-15,2022-02-18
DRL00030,CNSHA,NLRTM,CMA,2022-01-16,2022-02-16,2022-02-18
DRL00031,CNSHA,NLRTM,MAEU,2022-01-16,2022-02-11,2022-02-18
DRL00032,CNSHA,NLRTM,CMA,2022-01-17,2022-02-11,2022-02-19
DRL00033,CNSHA,NLRTM,MSCU,2022-01-17,2022-02-12,2022-02-19
DRL00034,CNSHA,NLRTM,MAEU,2022-01-17,2022-02-22,2022-02-19
DRL00035,CNSHA,NLRTM,MAEU,2022-01-17,2022-02-15,2022-02-19
DRL00036,CNSHA,NLRTM,CMA,2022-01-19,2022-02-17,2022-02-21
DRL00037,CNSHA,NLRTM,MSCU,2022-01-19,2022-02-22,2022-02-21
DRL00038,CNSHA,NLRTM,CMA,2022-01-19,2022-02-18,2022-02-21
DRL00039,CNSHA,NLRTM,CMA,2022-01-20,2022-02-22,2022-02-22
DRL00040,CNSHA,NLRTM,MSCU,2022-01-21,2022-02-20,2022-02-23
DRL00041,CNSHA,NLRTM,CMA,2022-01-21,2022-02-25,2022-02-23
DRL00042,CNSHA,NLRTM,MAEU,2022-01-22,2022-02-22,2022-02-24
DRL00043,CNSHA,NLRTM,MAEU,2022-01-23,2022-02-23,2022-02-25
DRL00044,CNSHA,NLRTM,MAEU,2022-01-23,2022-02-21,2022-02-25
DRL00045,CNSHA,NLRTM,CMA,2022-01-23,2022-02-19,2022-02-25
DRL00046,CNSHA,NLRTM,CMA,2022-01-23,2022-02-19,2022-02-25
DRL00047,CNSHA,NLRTM,MSCU,2022-01-23,2022-02-24,2022-02-25
DRL00048,CNSHA,NLRTM,MSCU,2022-01-24,2022-02-26,2022-02-26
DRL00049,CNSHA,NLRTM,MSCU,2022-01-25,2022-03-01,2022-02-27
DRL00050,CNSHA,NLRTM,MAEU,2022-01-25,2022-02-24,2022-02-27
DRL00051,CNSHA,NLRTM,MAEU,2022-01-26,2022-02-27,2022-02-28
DRL00052,CNSHA,NLRTM,MAEU,2022-01-26,2022-02-26,2022-02-28
DRL00053,CNSHA,NLRTM,MAEU,2022-01-26,2022-02-22,2022-02-28
DRL00054,CNSHA,NLRTM,MAEU,2022-01-27,2022-02-25,2022-03-01
DRL00055,CNSHA,NLRTM,MAEU,2022-01-27,2022-02-19,2022-03-01
DRL00056,CNSHA,NLRTM,MAEU,2022-01-27,2022-02-28,2022-03-01
DRL00057,CNSHA,NLRTM,MAEU,2022-01-29,2022-02-25,2022-03-03
DRL00058,CNSHA,NLRTM,MSCU,2022-01-30,2022-03-05,2022-03-04
DRL00059,CNSHA,NLRTM,MAEU,2022-01-30,2022-03-02,2022-03-04
DRL00060,CNSHA,NLRTM,CMA,2022-01-30,2022-02-27,2022-03-04
DRL00061,CNSHA,NLRTM,CMA,2022-01-31,2022-03-08,2022-03-05
DRL00062,CNSHA,NLRTM,MAEU,2022-01-31,2022-03-04,2022-03-05
DRL00063,CNSHA,NLRTM,MSCU,2022-01-31,2022-03-05,2022-03-05
DRL00064,CNSHA,NLRTM,MAEU,2022-01-31,2022-03-04,2022-03-05
DRL00065,CNSHA,NLRTM,CMA,2022-01-31,2022-03-05,2022-03-05
DRL00066,CNSHA,NLRTM,MSCU,2022-02-01,2022-03-02,2022-03-06
DRL00067,CNSHA,NLRTM,CMA,2022-02-01,2022-03-06,2022-03-06
DRL00068,CNSHA,NLRTM,CMA,2022-02-01,2022-03-03,2022-03-06
DRL00069,CNSHA,NLRTM,MSCU,2022-02-02,2022-02-28,2022-03-07
DRL00070,CNSHA,NLRTM,MAEU,2022-02-02,2022-03-05,2022-03-07
DRL00071,CNSHA,NLRTM,MAEU,2022-02-02,2022-03-04,2022-03-07
DRL00072,CNSHA,NLRTM,MAEU,2022-02-03,2022-03-05,2022-03-08
DRL00073,CNSHA,NLRTM,MSCU,2022-02-03,2022-03-05,2022-03-08
DRL00074,CNSHA,NLRTM,CMA,2022-02-04,2022-03-08,2022-03-09
DRL00075,CNSHA,NLRTM,MSCU,2022-02-05,2022-03-10,2022-03-10
DRL00076,CNSHA,NLRTM,MSCU,2022-02-05,2022-03-07,2022-03-10
DRL00077,CNSHA,NLRTM,MAEU,2022-02-05,2022-03-07,2022-03-10
DRL00078,CNSHA,NLRTM,MAEU,2022-02-06,2022-03-06,2022-03-11
DRL00079,CNSHA,NLRTM,CMA,2022-02-06,2022-03-06,2022-03-11
DRL00080,CNSHA,NLRTM,MSCU,2022-02-06,2022-03-09,2022-03-11
DRL00081,CNSHA,NLRTM,MAEU,2022-02-07,2022-03-08,2022-03-12
DRL00082,CNSHA,NLRTM,MSCU,2022-02-07,2022-03-14,2022-03-12
DRL00083,CNSHA,NLRTM,MAEU,2022-02-07,2022-03-13,2022-03-12
DRL00084,CNSHA,NLRTM,MAEU,2022-02-07,2022-03-05,2022-03-12
DRL00085,CNSHA,NLRTM,MAEU,2022-02-08,2022-03-11,2022-03-13
DRL00086,CNSHA,NLRTM,MSCU,2022-02-09,2022-03-07,2022-03-14
DRL00087,CNSHA,NLRTM,MAEU,2022-02-09,2022-03-11,2022-03-14
DRL00088,CNSHA,NLRTM,MSCU,2022-02-09,2022-03-14,2022-03-14
DRL00089,CNSHA,NLRTM,MAEU,2022-02-09,2022-03-11,2022-03-14
DRL00090,CNSHA,NLRTM,MAEU,2022-02-09,2022-03-11,2022-03-14
DRL00091,CNSHA,NLRTM,MAEU,2022-02-09,2022-03-12,2022-03-14
DRL00092,CNSHA,NLRTM,MAEU,2022-02-10,2022-03-07,2022-03-15
DRL00093,CNSHA,NLRTM,CMA,2022-02-10,2022-03-07,2022-03-15
DRL00094,CNSHA,NLRTM,MSCU,2022-02-10,2022-03-12,2022-03-15
DRL00095,CNSHA,NLRTM,MSCU,2022-02-10,2022-03-10,2022-03-15
DRL00096,CNSHA,NLRTM,MAEU,2022-02-10,2022-03-08,2022-03-15
DRL00097,CNSHA,NLRTM,MAEU,2022-02-11,2022-03-12,2022-03-16
DRL00098,CNSHA,NLRTM,CMA,2022-02-11,2022-03-16,2022-03-16
DRL00099,CNSHA,NLRTM,CMA,2022-02-11,2022-03-10,2022-03-16
DRL00100,CNSHA,NLRTM,MSCU,2022-02-11,2022-03-17,2022-03-16
DRL00101,CNSHA,NLRTM,MAEU,2022-02-11,2022-03-13,2022-03-16
DRL00102,CNSHA,NLRTM,MSCU,2022-02-11,2022-03-09,2022-03-16
DRL00103,CNSHA,NLRTM,MAEU,2022-02-12,2022-03-14,2022-03-17
DRL00104,CNSHA,NLRTM,MAEU,2022-02-12,2022-03-12,2022-03-17
DRL00105,CNSHA,NLRTM,CMA,2022-02-13,2022-03-13,2022-03-18
DRL00106,CNSHA,NLRTM,CMA,2022-02-13,2022-03-15,2022-03-18
DRL00107,CNSHA,NLRTM,MAEU,2022-02-14,2022-03-16,2022-03-19
DRL00108,CNSHA,NLRTM,MAEU,2022-02-14,2022-03-19,2022-03-19
DRL00109,CNSHA,NLRTM,MAEU,2022-02-14,2022-03-21,2022-03-19
DRL00110,CNSHA,NLRTM,MSCU,2022-02-15,2022-03-14,2022-03-20
DRL00111,CNSHA,NLRTM,MSCU,2022-02-15,2022-03-16,2022-03-20
DRL00112,CNSHA,NLRTM,CMA,2022-02-15,2022-03-14,2022-03-20
DRL00113,CNSHA,NLRTM,CMA,2022-02-16,2022-03-21,2022-03-21
DRL00114,CNSHA,NLRTM,MSCU,2022-02-16,2022-03-16,2022-03-21
DRL00115,CNSHA,NLRTM,MSCU,2022-02-16,2022-03-18,2022-03-21
DRL00116,CNSHA,NLRTM,CMA,2022-02-16,2022-03-16,2022-03-21
DRL00117,CNSHA,NLRTM,CMA,2022-02-17,2022-03-16,2022-03-22
DRL00118,CNSHA,NLRTM,MSCU,2022-02-18,2022-03-18,2022-03-23
DRL00119,CNSHA,NLRTM,MSCU,2022-02-19,2022-03-17,2022-03-24
DRL00120,CNSHA,NLRTM,MSCU,2022-02-19,2022-03-23,2022-03-24
DRL00121,CNSHA,NLRTM,MAEU,2022-02-20,2022-03-21,2022-03-25
DRL00122,CNSHA,NLRTM,MSCU,2022-02-20,2022-03-23,2022-03-25
DRL00123,CNSHA,NLRTM,MSCU,2022-02-21,2022-03-25,2022-03-26
DRL00124,CNSHA,NLRTM,MSCU,2022-02-21,2022-03-16,2022-03-26
DRL00125,CNSHA,NLRTM,CMA,2022-02-23,2022-03-27,2022-03-28
DRL00126,CNSHA,NLRTM,CMA,2022-02-23,2022-03-31,2022-03-28
DRL00127,CNSHA,NLRTM,CMA,2022-02-24,2022-04-01,2022-03-29
DRL00128,CNSHA,NLRTM,MSCU,2022-02-24,2022-03-24,2022-03-29
DRL00129,CNSHA,NLRTM,CMA,2022-02-24,2022-03-27,2022-03-29
DRL00130,CNSHA,NLRTM,MSCU,2022-02-26,2022-03-26,2022-03-31
DRL00131,CNSHA,NLRTM,MSCU,2022-02-26,2022-03-25,2022-03-31
DRL00132,CNSHA,NLRTM,MAEU,2022-02-27,2022-03-28,2022-04-01
DRL00133,CNSHA,NLRTM,MAEU,2022-02-27,2022-04-01,2022-04-01
DRL00134,CNSHA,NLRTM,MAEU,2022-02-27,2022-04-01,2022-04-01
DRL00135,CNSHA,NLRTM,MSCU,2022-02-28,2022-03-30,2022-04-02
DRL00136,CNSHA,NLRTM,MSCU,2022-02-28,2022-03-31,2022-04-02
DRL00137,CNSHA,NLRTM,CMA,2022-03-02,2022-03-26,2022-04-04
DRL00138,CNSHA,NLRTM,MAEU,2022-03-02,2022-04-05,2022-04-04
DRL00139,CNSHA,NLRTM,MSCU,2022-03-02,2022-04-03,2022-04-04
DRL00140,CNSHA,NLRTM,CMA,2022-03-03,2022-04-03,2022-04-05
DRL00141,CNSHA,NLRTM,MSCU,2022-03-04,2022-03-31,2022-04-06
DRL00142,CNSHA,NLRTM,MAEU,2022-03-05,2022-04-09,2022-04-07
DRL00143,CNSHA,NLRTM,CMA,2022-03-05,2022-04-02,2022-04-07
DRL00144,CNSHA,NLRTM,MAEU,2022-03-05,2022-04-02,2022-04-07
DRL00145,CNSHA,NLRTM,MAEU,2022-03-06,2022-04-09,2022-04-08
DRL00146,CNSHA,NLRTM,CMA,2022-03-06,2022-04-06,2022-04-08
DRL00147,CNSHA,NLRTM,MSCU,2022-03-07,2022-04-04,2022-04-09
DRL00148,CNSHA,NLRTM,MSCU,2022-03-07,2022-04-09,2022-04-09
DRL00149,CNSHA,NLRTM,CMA,2022-03-08,2022-04-07,2022-04-10
DRL00150,CNSHA,NLRTM,MAEU,2022-03-08,2022-04-09,2022-04-10
DRL00151,CNSHA,NLRTM,MAEU,2022-03-09,2022-04-05,2022-04-11
DRL00152,CNSHA,NLRTM,MSCU,2022-03-09,2022-04-12,2022-04-11
DRL00153,CNSHA,NLRTM,CMA,2022-03-10,2022-04-06,2022-04-12
DRL00154,CNSHA,NLRTM,MAEU,2022-03-10,2022-04-15,2022-04-12
DRL00155,CNSHA,NLRTM,MSCU,2022-03-11,2022-04-11,2022-04-13
DRL00156,CNSHA,NLRTM,MSCU,2022-03-11,2022-04-07,2022-04-13
DRL00157,CNSHA,NLRTM,MAEU,2022-03-11,2022-04-10,2022-04-13
DRL00158,CNSHA,NLRTM,MSCU,2022-03-12,2022-04-11,2022-04-14
DRL00159,CNSHA,NLRTM,CMA,2022-03-12,2022-04-15,2022-04-14
DRL00160,CNSHA,NLRTM,CMA,2022-03-13,2022-04-13,2022-04-15
DRL00161,CNSHA,NLRTM,CMA,2022-03-13,2022-04-09,2022-04-15
DRL00162,CNSHA,NLRTM,MSCU,2022-03-13,2022-04-11,2022-04-15
DRL00163,CNSHA,NLRTM,CMA,2022-03-13,2022-04-16,2022-04-15
DRL00164,CNSHA,NLRTM,MAEU,2022-03-14,2022-04-16,2022-04-16
DRL00165,CNSHA,NLRTM,MAEU,2022-03-14,2022-04-13,2022-04-16
DRL00166,CNSHA,NLRTM,CMA,2022-03-15,2022-04-11,2022-04-17
DRL00167,CNSHA,NLRTM,MSCU,2022-03-15,2022-04-16,2022-04-17
DRL00168,CNSHA,NLRTM,CMA,2022-03-15,2022-04-15,2022-04-17
DRL00169,CNSHA,NLRTM,CMA,2022-03-15,2022-04-15,2022-04-17
DRL00170,CNSHA,NLRTM,MAEU,2022-03-17,2022-04-14,2022-04-19
DRL00171,CNSHA,NLRTM,MAEU,2022-03-17,2022-04-13,2022-04-19
DRL00172,CNSHA,NLRTM,MSCU,2022-03-18,2022-04-18,2022-04-20
DRL00173,CNSHA,NLRTM,CMA,2022-03-18,2022-04-09,2022-04-20
DRL00174,CNSHA,NLRTM,MSCU,2022-03-19,2022-04-24,2022-04-21
DRL00175,CNSHA,NLRTM,MSCU,2022-03-19,2022-04-20,2022-04-21
DRL00176,CNSHA,NLRTM,CMA,2022-03-20,2022-04-22,2022-04-22
DRL00177,CNSHA,NLRTM,MSCU,2022-03-20,2022-04-20,2022-04-22
DRL00178,CNSHA,NLRTM,CMA,2022-03-20,2022-04-17,2022-04-22
DRL00179,CNSHA,NLRTM,MAEU,2022-03-20,2022-04-21,2022-04-22
DRL00180,CNSHA,NLRTM,CMA,2022-03-20,2022-04-21,2022-04-22
DRL00181,CNSHA,NLRTM,MAEU,2022-03-21,2022-04-21,2022-04-23
DRL00182,CNSHA,NLRTM,MSCU,2022-03-22,2022-04-22,2022-04-24
DRL00183,CNSHA,NLRTM,MAEU,2022-03-22,2022-04-23,2022-04-24
DRL00184,CNSHA,NLRTM,MAEU,2022-03-22,2022-04-17,2022-04-24
DRL00185,CNSHA,NLRTM,CMA,2022-03-23,2022-04-25,2022-04-25
DRL00186,CNSHA,NLRTM,CMA,2022-03-23,2022-04-24,2022-04-25
DRL00187,CNSHA,NLRTM,MAEU,2022-03-23,2022-04-19,2022-04-25
DRL00188,CNSHA,NLRTM,MSCU,2022-03-24,2022-04-24,2022-04-26
DRL00189,CNSHA,NLRTM,MSCU,2022-03-24,2022-04-22,2022-04-26
DRL00190,CNSHA,NLRTM,MAEU,2022-03-25,2022-04-27,2022-04-27
DRL00191,CNSHA,NLRTM,MAEU,2022-03-25,2022-04-27,2022-04-27
DRL00192,CNSHA,NLRTM,CMA,2022-03-25,2022-04-18,2022-04-27
DRL00193,CNSHA,NLRTM,MSCU,2022-03-25,2022-04-24,2022-04-27
DRL00194,CNSHA,NLRTM,MSCU,2022-03-26,2022-04-23,2022-04-28
DRL00195,CNSHA,NLRTM,MAEU,2022-03-28,2022-04-27,2022-04-30
DRL00196,CNSHA,NLRTM,MSCU,2022-03-28,2022-04-28,2022-04-30
DRL00197,CNSHA,NLRTM,MAEU,2022-03-29,2022-05-06,2022-05-01
DRL00198,CNSHA,NLRTM,MAEU,2022-03-30,2022-05-03,2022-05-02
DRL00199,CNSHA,NLRTM,CMA,2022-03-30,2022-05-02,2022-05-02
DRL00200,CNSHA,NLRTM,MAEU,2022-03-31,2022-05-01,2022-05-03
DRL00201,CNSHA,NLRTM,CMA,2022-03-31,2022-04-26,2022-05-03
DRL00202,CNSHA,NLRTM,MSCU,2022-04-01,2022-04-30,2022-05-04
DRL00203,CNSHA,NLRTM,MSCU,2022-04-01,2022-04-27,2022-05-04
DRL00204,CNSHA,NLRTM,MSCU,2022-04-01,2022-05-02,2022-05-04
DRL00205,CNSHA,NLRTM,CMA,2022-04-01,2022-05-01,2022-05-04
DRL00206,CNSHA,NLRTM,MAEU,2022-04-02,2022-05-01,2022-05-05
DRL00207,CNSHA,NLRTM,MAEU,2022-04-02,2022-04-28,2022-05-05
DRL00208,CNSHA,NLRTM,CMA,2022-04-02,2022-05-05,2022-05-05
DRL00209,CNSHA,NLRTM,MAEU,2022-04-02,2022-05-04,2022-05-05
DRL00210,CNSHA,NLRTM,MSCU,2022-04-02,2022-05-01,2022-05-05
DRL00211,CNSHA,NLRTM,MAEU,2022-04-03,2022-05-02,2022-05-06
DRL00212,CNSHA,NLRTM,MSCU,2022-04-03,2022-05-03,2022-05-06
DRL00213,CNSHA,NLRTM,MAEU,2022-04-03,2022-05-09,2022-05-06
DRL00214,CNSHA,NLRTM,CMA,2022-04-03,2022-05-04,2022-05-06
DRL00215,CNSHA,NLRTM,MAEU,2022-04-04,2022-05-11,2022-05-07
DRL00216,CNSHA,NLRTM,CMA,2022-04-04,2022-05-04,2022-05-07
DRL00217,CNSHA,NLRTM,MAEU,2022-04-05,2022-05-01,2022-05-08
DRL00218,CNSHA,NLRTM,MSCU,2022-04-06,2022-05-02,2022-05-09
DRL00219,CNSHA,NLRTM,MSCU,2022-04-06,2022-05-04,2022-05-09
DRL00220,CNSHA,NLRTM,MSCU,2022-04-06,2022-05-04,2022-05-09
DRL00221,CNSHA,NLRTM,MSCU,2022-04-07,2022-05-05,2022-05-10
DRL00222,CNSHA,NLRTM,MSCU,2022-04-07,2022-05-10,2022-05-10
DRL00223,CNSHA,NLRTM,CMA,2022-04-07,2022-05-09,2022-05-10
DRL00224,CNSHA,NLRTM,MAEU,2022-04-07,2022-05-07,2022-05-10
DRL00225,CNSHA,NLRTM,MSCU,2022-04-07,2022-05-08,2022-05-10
DRL00226,CNSHA,NLRTM,CMA,2022-04-07,2022-05-06,2022-05-10
DRL00227,CNSHA,NLRTM,MSCU,2022-04-08,2022-05-04,2022-05-11
DRL00228,CNSHA,NLRTM,MSCU,2022-04-08,2022-05-07,2022-05-11
DRL00229,CNSHA,NLRTM,MSCU,2022-04-08,2022-05-06,2022-05-11
DRL00230,CNSHA,NLRTM,MAEU,2022-04-08,2022-04-30,2022-05-11
DRL00231,CNSHA,NLRTM,MSCU,2022-04-08,2022-05-09,2022-05-11
DRL00232,CNSHA,NLRTM,MSCU,2022-04-09,2022-05-11,2022-05-12
DRL00233,CNSHA,NLRTM,MSCU,2022-04-09,2022-05-07,2022-05-12
DRL00234,CNSHA,NLRTM,MSCU,2022-04-09,2022-05-10,2022-05-12
DRL00235,CNSHA,NLRTM,MAEU,2022-04-09,2022-05-12,2022-05-12
DRL00236,CNSHA,NLRTM,CMA,2022-04-10,2022-05-09,2022-05-13
DRL00237,CNSHA,NLRTM,CMA,2022-04-10,2022-05-14,2022-05-13
DRL00238,CNSHA,NLRTM,MSCU,2022-04-10,2022-05-08,2022-05-13
DRL00239,CNSHA,NLRTM,CMA,2022-04-10,2022-05-10,2022-05-13
DRL00240,CNSHA,NLRTM,MSCU,2022-04-10,2022-05-03,2022-05-13
DRL00241,CNSHA,NLRTM,MAEU,2022-04-11,2022-05-17,2022-05-14
DRL00242,CNSHA,NLRTM,MAEU,2022-04-11,2022-05-12,2022-05-14
DRL00243,CNSHA,NLRTM,MSCU,2022-04-13,2022-05-19,2022-05-16
DRL00244,CNSHA,NLRTM,MSCU,2022-04-13,2022-05-14,2022-05-16
DRL00245,CNSHA,NLRTM,MAEU,2022-04-13,2022-05-06,2022-05-16
DRL00246,CNSHA,NLRTM,CMA,2022-04-13,2022-05-10,2022-05-16
DRL00247,CNSHA,NLRTM,MAEU,2022-04-14,2022-05-08,2022-05-17
DRL00248,CNSHA,NLRTM,MAEU,2022-04-14,2022-05-12,2022-05-17
DRL00249,CNSHA,NLRTM,CMA,2022-04-14,2022-05-16,2022-05-17
DRL00250,CNSHA,NLRTM,CMA,2022-04-14,2022-05-16,2022-05-17
DRL00251,CNSHA,NLRTM,MAEU,2022-04-14,2022-05-13,2022-05-17
DRL00252,CNSHA,NLRTM,CMA,2022-04-15,2022-05-18,2022-05-18
DRL00253,CNSHA,NLRTM,MAEU,2022-04-15,2022-05-14,2022-05-18
DRL00254,CNSHA,NLRTM,CMA,2022-04-16,2022-05-20,2022-05-19
DRL00255,CNSHA,NLRTM,MSCU,2022-04-17,2022-05-13,2022-05-20
DRL00256,CNSHA,NLRTM,MAEU,2022-04-17,2022-05-15,2022-05-20
DRL00257,CNSHA,NLRTM,MSCU,2022-04-18,2022-05-11,2022-05-21
DRL00258,CNSHA,NLRTM,CMA,2022-04-18,2022-05-20,2022-05-21
DRL00259,CNSHA,NLRTM,MAEU,2022-04-18,2022-05-21,2022-05-21
DRL00260,CNSHA,NLRTM,CMA,2022-04-18,2022-05-22,2022-05-21
DRL00261,CNSHA,NLRTM,MSCU,2022-04-18,2022-05-15,2022-05-21
DRL00262,CNSHA,NLRTM,MSCU,2022-04-18,2022-05-19,2022-05-21
DRL00263,CNSHA,NLRTM,CMA,2022-04-18,2022-05-20,2022-05-21
DRL00264,CNSHA,NLRTM,CMA,2022-04-18,2022-05-21,2022-05-21
DRL00265,CNSHA,NLRTM,MSCU,2022-04-18,2022-05-19,2022-05-21
DRL00266,CNSHA,NLRTM,CMA,2022-04-19,2022-05-17,2022-05-22
DRL00267,CNSHA,NLRTM,CMA,2022-04-19,2022-05-16,2022-05-22
DRL00268,CNSHA,NLRTM,CMA,2022-04-19,2022-05-18,2022-05-22
DRL00269,CNSHA,NLRTM,MSCU,2022-04-19,2022-05-19,2022-05-22
DRL00270,CNSHA,NLRTM,MAEU,2022-04-20,2022-05-20,2022-05-23
DRL00271,CNSHA,NLRTM,MAEU,2022-04-20,2022-05-17,2022-05-23
DRL00272,CNSHA,NLRTM,MAEU,2022-04-21,2022-05-26,2022-05-24
DRL00273,CNSHA,NLRTM,CMA,2022-04-21,2022-05-18,2022-05-24
DRL00274,CNSHA,NLRTM,CMA,2022-04-21,2022-05-25,2022-05-24
DRL00275,CNSHA,NLRTM,CMA,2022-04-21,2022-05-20,2022-05-24
DRL00276,CNSHA,NLRTM,CMA,2022-04-22,2022-05-22,2022-05-25
DRL00277,CNSHA,NLRTM,CMA,2022-04-22,2022-05-21,2022-05-25
DRL00278,CNSHA,NLRTM,CMA,2022-04-22,2022-05-20,2022-05-25
DRL00279,CNSHA,NLRTM,MSCU,2022-04-23,2022-05-21,2022-05-26
DRL00280,CNSHA,NLRTM,MAEU,2022-04-23,2022-05-23,2022-05-26
DRL00281,CNSHA,NLRTM,MAEU,2022-04-25,2022-05-28,2022-05-28
DRL00282,CNSHA,NLRTM,MSCU,2022-04-25,2022-05-24,2022-05-28
DRL00283,CNSHA,NLRTM,MSCU,2022-04-25,2022-05-26,2022-05-28
DRL00284,CNSHA,NLRTM,MAEU,2022-04-25,2022-05-24,2022-05-28
DRL00285,CNSHA,NLRTM,MSCU,2022-04-26,2022-05-26,2022-05-29
DRL00286,CNSHA,NLRTM,MSCU,2022-04-27,2022-05-29,2022-05-30
DRL00287,CNSHA,NLRTM,MAEU,2022-04-27,2022-05-29,2022-05-30
DRL00288,CNSHA,NLRTM,CMA,2022-04-28,2022-05-24,2022-05-31
DRL00289,CNSHA,NLRTM,MSCU,2022-04-28,2022-05-31,2022-05-31
DRL00290,CNSHA,NLRTM,MSCU,2022-04-28,2022-05-28,2022-05-31
DRL00291,CNSHA,NLRTM,MAEU,2022-04-29,2022-05-29,2022-06-01
DRL00292,CNSHA,NLRTM,MSCU,2022-04-29,2022-05-29,2022-06-01
DRL00293,CNSHA,NLRTM,MAEU,2022-04-29,2022-05-26,2022-06-01
DRL00294,CNSHA,NLRTM,MSCU,2022-04-29,2022-05-23,2022-06-01
DRL00295,CNSHA,NLRTM,CMA,2022-04-30,2022-05-29,2022-06-02
DRL00296,CNSHA,NLRTM,MAEU,2022-05-01,2022-05-29,2022-06-03
DRL00297,CNSHA,NLRTM,MAEU,2022-05-01,2022-06-01,2022-06-03
DRL00298,CNSHA,NLRTM,MAEU,2022-05-01,2022-05-31,2022-06-03
DRL00299,CNSHA,NLRTM,MAEU,2022-05-01,2022-06-04,2022-06-03
DRL00300,CNSHA,NLRTM,MSCU,2022-05-02,2022-06-04,2022-06-04
DRL00301,CNSHA,NLRTM,CMA,2022-05-02,2022-05-29,2022-06-04
DRL00302,CNSHA,NLRTM,MSCU,2022-05-02,2022-06-06,2022-06-04
DRL00303,CNSHA,NLRTM,MSCU,2022-05-02,2022-05-30,2022-06-04
DRL00304,CNSHA,NLRTM,MSCU,2022-05-03,2022-06-02,2022-06-05
DRL00305,CNSHA,NLRTM,MAEU,2022-05-03,2022-06-03,2022-06-05
DRL00306,CNSHA,NLRTM,MSCU,2022-05-03,2022-06-05,2022-06-05
DRL00307,CNSHA,NLRTM,MSCU,2022-05-03,2022-06-03,2022-06-05
DRL00308,CNSHA,NLRTM,MSCU,2022-05-03,2022-05-28,2022-06-05
DRL00309,CNSHA,NLRTM,MSCU,2022-05-03,2022-05-30,2022-06-05
DRL00310,CNSHA,NLRTM,MAEU,2022-05-04,2022-06-07,2022-06-06
DRL00311,CNSHA,NLRTM,MSCU,2022-05-04,2022-05-31,2022-06-06
DRL00312,CNSHA,NLRTM,MSCU,2022-05-04,2022-06-05,2022-06-06
DRL00313,CNSHA,NLRTM,MSCU,2022-05-05,2022-06-09,2022-06-07
DRL00314,CNSHA,NLRTM,MSCU,2022-05-06,2022-06-08,2022-06-08
DRL00315,CNSHA,NLRTM,MSCU,2022-05-06,2022-06-09,2022-06-08
DRL00316,CNSHA,NLRTM,MSCU,2022-05-06,2022-06-07,2022-06-08
DRL00317,CNSHA,NLRTM,CMA,2022-05-06,2022-06-08,2022-06-08
DRL00318,CNSHA,NLRTM,MAEU,2022-05-06,2022-06-02,2022-06-08
DRL00319,CNSHA,NLRTM,MSCU,2022-05-07,2022-06-08,2022-06-09
DRL00320,CNSHA,NLRTM,MSCU,2022-05-07,2022-05-31,2022-06-09
DRL00321,CNSHA,NLRTM,MAEU,2022-05-08,2022-06-01,2022-06-10
DRL00322,CNSHA,NLRTM,CMA,2022-05-08,2022-06-08,2022-06-10
DRL00323,CNSHA,NLRTM,CMA,2022-05-10,2022-06-07,2022-06-12
DRL00324,CNSHA,NLRTM,CMA,2022-05-11,2022-06-09,2022-06-13
DRL00325,CNSHA,NLRTM,CMA,2022-05-11,2022-06-13,2022-06-13
DRL00326,CNSHA,NLRTM,MSCU,2022-05-13,2022-06-12,2022-06-15
DRL00327,CNSHA,NLRTM,CMA,2022-05-13,2022-06-10,2022-06-15
DRL00328,CNSHA,NLRTM,MAEU,2022-05-13,2022-06-10,2022-06-15
DRL00329,CNSHA,NLRTM,MSCU,2022-05-14,2022-06-12,2022-06-16
DRL00330,CNSHA,NLRTM,MSCU,2022-05-14,2022-06-11,2022-06-16
DRL00331,CNSHA,NLRTM,CMA,2022-05-14,2022-06-14,2022-06-16
DRL00332,CNSHA,NLRTM,CMA,2022-05-16,2022-06-13,2022-06-18
DRL00333,CNSHA,NLRTM,CMA,2022-05-16,2022-06-16,2022-06-18
DRL00334,CNSHA,NLRTM,CMA,2022-05-16,2022-06-15,2022-06-18
DRL00335,CNSHA,NLRTM,CMA,2022-05-17,2022-06-16,2022-06-19
DRL00336,CNSHA,NLRTM,CMA,2022-05-18,2022-06-19,2022-06-20
DRL00337,CNSHA,NLRTM,CMA,2022-05-18,2022-06-19,2022-06-20
DRL00338,CNSHA,NLRTM,CMA,2022-05-18,2022-06-19,2022-06-20
DRL00339,CNSHA,NLRTM,CMA,2022-05-19,2022-06-18,2022-06-21
DRL00340,CNSHA,NLRTM,MAEU,2022-05-20,2022-06-21,2022-06-22
DRL00341,CNSHA,NLRTM,MSCU,2022-05-20,2022-06-13,2022-06-22
DRL00342,CNSHA,NLRTM,CMA,2022-05-21,2022-06-24,2022-06-23
DRL00343,CNSHA,NLRTM,MSCU,2022-05-21,2022-06-19,2022-06-23
DRL00344,CNSHA,NLRTM,CMA,2022-05-22,2022-06-22,2022-06-24
DRL00345,CNSHA,NLRTM,MSCU,2022-05-22,2022-06-22,2022-06-24
DRL00346,CNSHA,NLRTM,MSCU,2022-05-24,2022-06-22,2022-06-26
DRL00347,CNSHA,NLRTM,MAEU,2022-05-24,2022-06-29,2022-06-26
DRL00348,CNSHA,NLRTM,MAEU,2022-05-24,2022-06-23,2022-06-26
DRL00349,CNSHA,NLRTM,MSCU,2022-05-24,2022-06-20,2022-06-26
DRL00350,CNSHA,NLRTM,CMA,2022-05-25,2022-06-26,2022-06-27
DRL00351,CNSHA,NLRTM,CMA,2022-05-25,2022-06-18,2022-06-27
DRL00352,CNSHA,NLRTM,CMA,2022-05-25,2022-06-24,2022-06-27
DRL00353,CNSHA,NLRTM,MAEU,2022-05-26,2022-06-26,2022-06-28
DRL00354,CNSHA,NLRTM,CMA,2022-05-27,2022-06-25,2022-06-29
DRL00355,CNSHA,NLRTM,CMA,2022-05-27,2022-06-24,2022-06-29
DRL00356,CNSHA,NLRTM,CMA,2022-05-27,2022-06-25,2022-06-29
DRL00357,CNSHA,NLRTM,CMA,2022-05-27,2022-06-29,2022-06-29
DRL00358,CNSHA,NLRTM,MSCU,2022-05-28,2022-06-25,2022-06-30
DRL00359,CNSHA,NLRTM,CMA,2022-05-28,2022-06-23,2022-06-30
DRL00360,CNSHA,NLRTM,MAEU,2022-05-28,2022-06-30,2022-06-30
DRL00361,CNSHA,NLRTM,MAEU,2022-05-29,2022-07-02,2022-07-01
DRL00362,CNSHA,NLRTM,MAEU,2022-05-29,2022-07-01,2022-07-01
DRL00363,CNSHA,NLRTM,CMA,2022-05-29,2022-06-29,2022-07-01
DRL00364,CNSHA,NLRTM,CMA,2022-05-29,2022-06-25,2022-07-01
DRL00365,CNSHA,NLRTM,CMA,2022-05-29,2022-07-01,2022-07-01
DRL00366,CNSHA,NLRTM,MSCU,2022-05-29,2022-06-25,2022-07-01
DRL00367,CNSHA,NLRTM,MAEU,2022-05-30,2022-07-02,2022-07-02
DRL00368,CNSHA,NLRTM,MAEU,2022-05-31,2022-06-28,2022-07-03
DRL00369,CNSHA,NLRTM,CMA,2022-05-31,2022-07-03,2022-07-03
DRL00370,CNSHA,NLRTM,MSCU,2022-05-31,2022-06-29,2022-07-03
DRL00371,CNSHA,NLRTM,MAEU,2022-06-01,2022-07-01,2022-07-04
DRL00372,CNSHA,NLRTM,MAEU,2022-06-01,2022-07-02,2022-07-04
DRL00373,CNSHA,NLRTM,MSCU,2022-06-01,2022-07-03,2022-07-04
DRL00374,CNSHA,NLRTM,CMA,2022-06-03,2022-07-01,2022-07-06
DRL00375,CNSHA,NLRTM,MSCU,2022-06-04,2022-07-03,2022-07-07
DRL00376,CNSHA,NLRTM,MSCU,2022-06-04,2022-07-03,2022-07-07
DRL00377,CNSHA,NLRTM,CMA,2022-06-04,2022-07-04,2022-07-07
DRL00378,CNSHA,NLRTM,CMA,2022-06-04,2022-06-29,2022-07-07
DRL00379,CNSHA,NLRTM,MSCU,2022-06-04,2022-07-06,2022-07-07
DRL00380,CNSHA,NLRTM,CMA,2022-06-05,2022-07-04,2022-07-08
DRL00381,CNSHA,NLRTM,MSCU,2022-06-06,2022-07-06,2022-07-09
DRL00382,CNSHA,NLRTM,MAEU,2022-06-06,2022-07-02,2022-07-09
DRL00383,CNSHA,NLRTM,MSCU,2022-06-06,2022-07-09,2022-07-09
DRL00384,CNSHA,NLRTM,MSCU,2022-06-07,2022-07-04,2022-07-10
DRL00385,CNSHA,NLRTM,MAEU,2022-06-07,2022-07-08,2022-07-10
DRL00386,CNSHA,NLRTM,MSCU,2022-06-07,2022-07-09,2022-07-10
DRL00387,CNSHA,NLRTM,MAEU,2022-06-07,2022-07-08,2022-07-10
DRL00388,CNSHA,NLRTM,MAEU,2022-06-07,2022-07-06,2022-07-10
DRL00389,CNSHA,NLRTM,MAEU,2022-06-07,2022-07-07,2022-07-10
DRL00390,CNSHA,NLRTM,CMA,2022-06-08,2022-07-13,2022-07-11
DRL00391,CNSHA,NLRTM,CMA,2022-06-09,2022-07-07,2022-07-12
DRL00392,CNSHA,NLRTM,MSCU,2022-06-09,2022-07-05,2022-07-12
DRL00393,CNSHA,NLRTM,CMA,2022-06-10,2022-07-08,2022-07-13
DRL00394,CNSHA,NLRTM,MSCU,2022-06-10,2022-07-11,2022-07-13
DRL00395,CNSHA,NLRTM,MSCU,2022-06-10,2022-07-13,2022-07-13
DRL00396,CNSHA,NLRTM,MAEU,2022-06-11,2022-07-11,2022-07-14
DRL00397,CNSHA,NLRTM,MSCU,2022-06-12,2022-07-10,2022-07-15
DRL00398,CNSHA,NLRTM,MAEU,2022-06-12,2022-07-08,2022-07-15
DRL00399,CNSHA,NLRTM,MAEU,2022-06-13,2022-07-16,2022-07-16
DRL00400,CNSHA,NLRTM,CMA,2022-06-13,2022-07-15,2022-07-16
DRL00401,CNSHA,NLRTM,MSCU,2022-06-13,2022-07-09,2022-07-16
DRL00402,CNSHA,NLRTM,MAEU,2022-06-13,2022-07-13,2022-07-16
DRL00403,CNSHA,NLRTM,MSCU,2022-06-14,2022-07-14,2022-07-17
DRL00404,CNSHA,NLRTM,MSCU,2022-06-14,2022-07-15,2022-07-17
DRL00405,CNSHA,NLRTM,MSCU,2022-06-14,2022-07-16,2022-07-17
DRL00406,CNSHA,NLRTM,MSCU,2022-06-15,2022-07-15,2022-07-18
DRL00407,CNSHA,NLRTM,CMA,2022-06-16,2022-07-08,2022-07-19
DRL00408,CNSHA,NLRTM,MAEU,2022-06-16,2022-07-15,2022-07-19
DRL00409,CNSHA,NLRTM,CMA,2022-06-17,2022-07-13,2022-07-20
DRL00410,CNSHA,NLRTM,MAEU,2022-06-17,2022-07-11,2022-07-20
DRL00411,CNSHA,NLRTM,CMA,2022-06-17,2022-07-18,2022-07-20
DRL00412,CNSHA,NLRTM,CMA,2022-06-18,2022-07-19,2022-07-21
DRL00413,CNSHA,NLRTM,MAEU,2022-06-18,2022-07-19,2022-07-21
DRL00414,CNSHA,NLRTM,MAEU,2022-06-18,2022-07-19,2022-07-21
DRL00415,CNSHA,NLRTM,CMA,2022-06-19,2022-07-15,2022-07-22
DRL00416,CNSHA,NLRTM,CMA,2022-06-19,2022-07-20,2022-07-22
DRL00417,CNSHA,NLRTM,CMA,2022-06-20,2022-07-20,2022-07-23
DRL00418,CNSHA,NLRTM,MAEU,2022-06-20,2022-07-16,2022-07-23
DRL00419,CNSHA,NLRTM,MSCU,2022-06-20,2022-07-26,2022-07-23
DRL00420,CNSHA,NLRTM,MAEU,2022-06-21,2022-07-21,2022-07-24
DRL00421,CNSHA,NLRTM,CMA,2022-06-21,2022-07-21,2022-07-24
DRL00422,CNSHA,NLRTM,MSCU,2022-06-22,2022-07-14,2022-07-25
DRL00423,CNSHA,NLRTM,MSCU,2022-06-22,2022-07-29,2022-07-25
DRL00424,CNSHA,NLRTM,CMA,2022-06-22,2022-07-25,2022-07-25
DRL00425,CNSHA,NLRTM,MAEU,2022-06-22,2022-07-19,2022-07-25
DRL00426,CNSHA,NLRTM,CMA,2022-06-22,2022-07-21,2022-07-25
DRL00427,CNSHA,NLRTM,MAEU,2022-06-22,2022-07-22,2022-07-25
DRL00428,CNSHA,NLRTM,CMA,2022-06-22,2022-07-22,2022-07-25
DRL00429,CNSHA,NLRTM,MSCU,2022-06-23,2022-07-26,2022-07-26
DRL00430,CNSHA,NLRTM,CMA,2022-06-23,2022-07-24,2022-07-26
DRL00431,CNSHA,NLRTM,CMA,2022-06-24,2022-07-28,2022-07-27
DRL00432,CNSHA,NLRTM,CMA,2022-06-25,2022-07-29,2022-07-28
DRL00433,CNSHA,NLRTM,MAEU,2022-06-25,2022-07-22,2022-07-28
DRL00434,CNSHA,NLRTM,MAEU,2022-06-26,2022-07-28,2022-07-29
DRL00435,CNSHA,NLRTM,MAEU,2022-06-26,2022-07-24,2022-07-29
DRL00436,CNSHA,NLRTM,MSCU,2022-06-26,2022-07-27,2022-07-29
DRL00437,CNSHA,NLRTM,CMA,2022-06-27,2022-07-24,2022-07-30
DRL00438,CNSHA,NLRTM,MAEU,2022-06-27,2022-07-23,2022-07-30
DRL00439,CNSHA,NLRTM,MAEU,2022-06-27,2022-07-31,2022-07-30
DRL00440,CNSHA,NLRTM,MSCU,2022-06-27,2022-07-27,2022-07-30
DRL00441,CNSHA,NLRTM,MSCU,2022-06-28,2022-07-30,2022-07-31
DRL00442,CNSHA,NLRTM,MSCU,2022-06-29,2022-07-31,2022-08-01
DRL00443,CNSHA,NLRTM,CMA,2022-06-29,2022-07-31,2022-08-01
DRL00444,CNSHA,NLRTM,CMA,2022-06-29,2022-07-27,2022-08-01
DRL00445,CNSHA,NLRTM,MSCU,2022-06-29,2022-08-01,2022-08-01
DRL00446,CNSHA,NLRTM,MSCU,2022-06-30,2022-07-27,2022-08-02
DRL00447,CNSHA,NLRTM,MAEU,2022-06-30,2022-08-04,2022-08-02
DRL00448,CNSHA,NLRTM,MSCU,2022-07-01,2022-07-31,2022-08-03
DRL00449,CNSHA,NLRTM,CMA,2022-07-01,2022-07-27,2022-08-03
DRL00450,CNSHA,NLRTM,CMA,2022-07-01,2022-08-03,2022-08-03
DRL00451,CNSHA,NLRTM,MAEU,2022-07-02,2022-07-31,2022-08-04
DRL00452,CNSHA,NLRTM,CMA,2022-07-02,2022-08-02,2022-08-04
DRL00453,CNSHA,NLRTM,MAEU,2022-07-02,2022-08-02,2022-08-04
DRL00454,CNSHA,NLRTM,CMA,2022-07-02,2022-07-29,2022-08-04
DRL00455,CNSHA,NLRTM,MSCU,2022-07-03,2022-08-01,2022-08-05
DRL00456,CNSHA,NLRTM,MSCU,2022-07-03,2022-08-01,2022-08-05
DRL00457,CNSHA,NLRTM,MSCU,2022-07-03,2022-08-02,2022-08-05
DRL00458,CNSHA,NLRTM,MAEU,2022-07-05,2022-08-05,2022-08-07
DRL00459,CNSHA,NLRTM,MSCU,2022-07-05,2022-08-03,2022-08-07
DRL00460,CNSHA,NLRTM,MAEU,2022-07-05,2022-07-31,2022-08-07
DRL00461,CNSHA,NLRTM,MAEU,2022-07-06,2022-08-04,2022-08-08
DRL00462,CNSHA,NLRTM,MAEU,2022-07-07,2022-08-06,2022-08-09
DRL00463,CNSHA,NLRTM,MSCU,2022-07-07,2022-08-05,2022-08-09
DRL00464,CNSHA,NLRTM,CMA,2022-07-08,2022-08-03,2022-08-10
DRL00465,CNSHA,NLRTM,MAEU,2022-07-08,2022-08-07,2022-08-10
DRL00466,CNSHA,NLRTM,CMA,2022-07-09,2022-08-07,2022-08-11
DRL00467,CNSHA,NLRTM,MSCU,2022-07-10,2022-08-09,2022-08-12
DRL00468,CNSHA,NLRTM,MSCU,2022-07-10,2022-08-06,2022-08-12
DRL00469,CNSHA,NLRTM,MSCU,2022-07-10,2022-08-09,2022-08-12
DRL00470,CNSHA,NLRTM,CMA,2022-07-11,2022-08-12,2022-08-13
DRL00471,CNSHA,NLRTM,MAEU,2022-07-12,2022-08-11,2022-08-14
DRL00472,CNSHA,NLRTM,MAEU,2022-07-12,2022-08-11,2022-08-14
DRL00473,CNSHA,NLRTM,CMA,2022-07-12,2022-08-15,2022-08-14
DRL00474,CNSHA,NLRTM,MSCU,2022-07-14,2022-08-11,2022-08-16
DRL00475,CNSHA,NLRTM,CMA,2022-07-14,2022-08-16,2022-08-16
DRL00476,CNSHA,NLRTM,CMA,2022-07-14,2022-08-15,2022-08-16
DRL00477,CNSHA,NLRTM,MSCU,2022-07-15,2022-08-12,2022-08-17
DRL00478,CNSHA,NLRTM,MAEU,2022-07-15,2022-08-13,2022-08-17
DRL00479,CNSHA,NLRTM,MAEU,2022-07-16,2022-08-09,2022-08-18
DRL00480,CNSHA,NLRTM,CMA,2022-07-16,2022-08-19,2022-08-18
DRL00481,CNSHA,NLRTM,MAEU,2022-07-17,2022-08-23,2022-08-19
DRL00482,CNSHA,NLRTM,MSCU,2022-07-17,2022-08-20,2022-08-19
DRL00483,CNSHA,NLRTM,CMA,2022-07-20,2022-08-16,2022-08-22
DRL00484,CNSHA,NLRTM,CMA,2022-07-20,2022-08-18,2022-08-22
DRL00485,CNSHA,NLRTM,MAEU,2022-07-20,2022-08-19,2022-08-22
DRL00486,CNSHA,NLRTM,CMA,2022-07-20,2022-08-18,2022-08-22
DRL00487,CNSHA,NLRTM,CMA,2022-07-20,2022-08-19,2022-08-22
DRL00488,CNSHA,NLRTM,MAEU,2022-07-21,2022-08-16,2022-08-23
DRL00489,CNSHA,NLRTM,MSCU,2022-07-22,2022-08-17,2022-08-24
DRL00490,CNSHA,NLRTM,MAEU,2022-07-24,2022-08-25,2022-08-26
DRL00491,CNSHA,NLRTM,CMA,2022-07-24,2022-08-21,2022-08-26
DRL00492,CNSHA,NLRTM,MAEU,2022-07-24,2022-08-25,2022-08-26
DRL00493,CNSHA,NLRTM,MSCU,2022-07-24,2022-08-26,2022-08-26
DRL00494,CNSHA,NLRTM,MSCU,2022-07-24,2022-08-25,2022-08-26
DRL00495,CNSHA,NLRTM,MAEU,2022-07-24,2022-08-21,2022-08-26
DRL00496,CNSHA,NLRTM,MAEU,2022-07-24,2022-08-22,2022-08-26
DRL00497,CNSHA,NLRTM,MAEU,2022-07-26,2022-08-25,2022-08-28
DRL00498,CNSHA,NLRTM,MAEU,2022-07-26,2022-08-26,2022-08-28
DRL00499,CNSHA,NLRTM,CMA,2022-07-26,2022-08-27,2022-08-28
DRL00500,CNSHA,NLRTM,MSCU,2022-07-27,2022-08-25,2022-08-29
DRL00501,CNSHA,NLRTM,MSCU,2022-07-28,2022-08-26,2022-08-30
DRL00502,CNSHA,NLRTM,MAEU,2022-07-28,2022-08-25,2022-08-30
DRL00503,CNSHA,NLRTM,MSCU,2022-07-28,2022-08-27,2022-08-30
DRL00504,CNSHA,NLRTM,MSCU,2022-07-28,2022-08-25,2022-08-30
DRL00505,CNSHA,NLRTM,MSCU,2022-07-28,2022-08-25,2022-08-30
DRL00506,CNSHA,NLRTM,CMA,2022-07-29,2022-08-21,2022-08-31
DRL00507,CNSHA,NLRTM,MAEU,2022-07-29,2022-08-26,2022-08-31
DRL00508,CNSHA,NLRTM,MAEU,2022-07-29,2022-08-31,2022-08-31
DRL00509,CNSHA,NLRTM,MSCU,2022-07-31,2022-08-28,2022-09-02
DRL00510,CNSHA,NLRTM,MSCU,2022-07-31,2022-09-02,2022-09-02
DRL00511,CNSHA,NLRTM,MSCU,2022-07-31,2022-08-27,2022-09-02
DRL00512,CNSHA,NLRTM,MAEU,2022-08-01,2022-08-27,2022-09-03
DRL00513,CNSHA,NLRTM,CMA,2022-08-01,2022-09-01,2022-09-03
DRL00514,CNSHA,NLRTM,CMA,2022-08-02,2022-08-30,2022-09-04
DRL00515,CNSHA,NLRTM,MAEU,2022-08-02,2022-09-02,2022-09-04
DRL00516,CNSHA,NLRTM,MSCU,2022-08-04,2022-09-05,2022-09-06
DRL00517,CNSHA,NLRTM,CMA,2022-08-05,2022-09-03,2022-09-07
DRL00518,CNSHA,NLRTM,CMA,2022-08-05,2022-09-01,2022-09-07
DRL00519,CNSHA,NLRTM,MAEU,2022-08-05,2022-09-06,2022-09-07
DRL00520,CNSHA,NLRTM,CMA,2022-08-05,2022-08-31,2022-09-07
DRL00521,CNSHA,NLRTM,MSCU,2022-08-06,2022-09-03,2022-09-08
DRL00522,CNSHA,NLRTM,MSCU,2022-08-06,2022-09-05,2022-09-08
DRL00523,CNSHA,NLRTM,MSCU,2022-08-08,2022-09-03,2022-09-10
DRL00524,CNSHA,NLRTM,MAEU,2022-08-08,2022-09-09,2022-09-10
DRL00525,CNSHA,NLRTM,CMA,2022-08-09,2022-09-07,2022-09-11
DRL00526,CNSHA,NLRTM,MSCU,2022-08-09,2022-09-07,2022-09-11
DRL00527,CNSHA,NLRTM,MSCU,2022-08-09,2022-09-09,2022-09-11
DRL00528,CNSHA,NLRTM,MSCU,2022-08-11,2022-09-09,2022-09-13
DRL00529,CNSHA,NLRTM,CMA,2022-08-12,2022-09-11,2022-09-14
DRL00530,CNSHA,NLRTM,MAEU,2022-08-13,2022-09-07,2022-09-15
DRL00531,CNSHA,NLRTM,MAEU,2022-08-13,2022-09-08,2022-09-15
DRL00532,CNSHA,NLRTM,CMA,2022-08-15,2022-09-10,2022-09-17
DRL00533,CNSHA,NLRTM,MAEU,2022-08-15,2022-09-11,2022-09-17
DRL00534,CNSHA,NLRTM,MSCU,2022-08-15,2022-09-15,2022-09-17
DRL00535,CNSHA,NLRTM,CMA,2022-08-16,2022-09-16,2022-09-18
DRL00536,CNSHA,NLRTM,MSCU,2022-08-17,2022-09-16,2022-09-19
DRL00537,CNSHA,NLRTM,MSCU,2022-08-17,2022-09-13,2022-09-19
DRL00538,CNSHA,NLRTM,MAEU,2022-08-17,2022-09-19,2022-09-19
DRL00539,CNSHA,NLRTM,MAEU,2022-08-18,2022-09-21,2022-09-20
DRL00540,CNSHA,NLRTM,CMA,2022-08-18,2022-09-15,2022-09-20
DRL00541,CNSHA,NLRTM,MAEU,2022-08-19,2022-09-17,2022-09-21
DRL00542,CNSHA,NLRTM,MSCU,2022-08-20,2022-09-18,2022-09-22
DRL00543,CNSHA,NLRTM,CMA,2022-08-21,2022-09-21,2022-09-23
DRL00544,CNSHA,NLRTM,CMA,2022-08-21,2022-09-18,2022-09-23
DRL00545,CNSHA,NLRTM,CMA,2022-08-22,2022-09-21,2022-09-24
DRL00546,CNSHA,NLRTM,CMA,2022-08-22,2022-09-23,2022-09-24
DRL00547,CNSHA,NLRTM,MAEU,2022-08-22,2022-09-21,2022-09-24
DRL00548,CNSHA,NLRTM,MSCU,2022-08-22,2022-09-24,2022-09-24
DRL00549,CNSHA,NLRTM,MAEU,2022-08-22,2022-09-18,2022-09-24
DRL00550,CNSHA,NLRTM,MAEU,2022-08-22,2022-09-22,2022-09-24
DRL00551,CNSHA,NLRTM,MAEU,2022-08-23,2022-09-24,2022-09-25
DRL00552,CNSHA,NLRTM,CMA,2022-08-24,2022-09-24,2022-09-26
DRL00553,CNSHA,NLRTM,MAEU,2022-08-24,2022-09-20,2022-09-26
DRL00554,CNSHA,NLRTM,MAEU,2022-08-25,2022-09-19,2022-09-27
DRL00555,CNSHA,NLRTM,CMA,2022-08-25,2022-09-22,2022-09-27
DRL00556,CNSHA,NLRTM,MAEU,2022-08-25,2022-09-24,2022-09-27
DRL00557,CNSHA,NLRTM,MAEU,2022-08-28,2022-09-25,2022-09-30
DRL00558,CNSHA,NLRTM,MAEU,2022-08-28,2022-09-23,2022-09-30
DRL00559,CNSHA,NLRTM,MSCU,2022-08-28,2022-09-24,2022-09-30
DRL00560,CNSHA,NLRTM,CMA,2022-08-29,2022-09-21,2022-10-01
DRL00561,CNSHA,NLRTM,MSCU,2022-08-30,2022-09-30,2022-10-02
DRL00562,CNSHA,NLRTM,CMA,2022-08-30,2022-09-27,2022-10-02
DRL00563,CNSHA,NLRTM,MAEU,2022-09-01,2022-10-03,2022-10-04
DRL00564,CNSHA,NLRTM,MSCU,2022-09-01,2022-09-30,2022-10-04
DRL00565,CNSHA,NLRTM,MSCU,2022-09-03,2022-10-05,2022-10-06
DRL00566,CNSHA,NLRTM,MSCU,2022-09-03,2022-10-02,2022-10-06
DRL00567,CNSHA,NLRTM,CMA,2022-09-04,2022-10-02,2022-10-07
DRL00568,CNSHA,NLRTM,CMA,2022-09-05,2022-10-07,2022-10-08
DRL00569,CNSHA,NLRTM,CMA,2022-09-05,2022-10-07,2022-10-08
DRL00570,CNSHA,NLRTM,CMA,2022-09-05,2022-10-12,2022-10-08
DRL00571,CNSHA,NLRTM,CMA,2022-09-06,2022-10-07,2022-10-09
DRL00572,CNSHA,NLRTM,MAEU,2022-09-07,2022-10-09,2022-10-10
DRL00573,CNSHA,NLRTM,CMA,2022-09-07,2022-10-08,2022-10-10
DRL00574,CNSHA,NLRTM,MAEU,2022-09-08,2022-10-07,2022-10-11
DRL00575,CNSHA,NLRTM,MSCU,2022-09-08,2022-10-07,2022-10-11
DRL00576,CNSHA,NLRTM,CMA,2022-09-09,2022-10-13,2022-10-12
DRL00577,CNSHA,NLRTM,CMA,2022-09-09,2022-10-17,2022-10-12
DRL00578,CNSHA,NLRTM,MAEU,2022-09-10,2022-10-06,2022-10-13
DRL00579,CNSHA,NLRTM,MAEU,2022-09-10,2022-10-03,2022-10-13
DRL00580,CNSHA,NLRTM,MSCU,2022-09-11,2022-10-11,2022-10-14
DRL00581,CNSHA,NLRTM,MSCU,2022-09-12,2022-10-15,2022-10-15
DRL00582,CNSHA,NLRTM,MSCU,2022-09-12,2022-10-10,2022-10-15
DRL00583,CNSHA,NLRTM,MSCU,2022-09-12,2022-10-12,2022-10-15
DRL00584,CNSHA,NLRTM,MSCU,2022-09-13,2022-10-14,2022-10-16
DRL00585,CNSHA,NLRTM,MSCU,2022-09-14,2022-10-16,2022-10-17
DRL00586,CNSHA,NLRTM,MAEU,2022-09-14,2022-10-17,2022-10-17
DRL00587,CNSHA,NLRTM,MSCU,2022-09-14,2022-10-19,2022-10-17
DRL00588,CNSHA,NLRTM,CMA,2022-09-15,2022-10-12,2022-10-18
DRL00589,CNSHA,NLRTM,MAEU,2022-09-15,2022-10-16,2022-10-18
DRL00590,CNSHA,NLRTM,MSCU,2022-09-16,2022-10-15,2022-10-19
DRL00591,CNSHA,NLRTM,MSCU,2022-09-17,2022-10-18,2022-10-20
DRL00592,CNSHA,NLRTM,MSCU,2022-09-17,2022-10-15,2022-10-20
DRL00593,CNSHA,NLRTM,CMA,2022-09-17,2022-10-22,2022-10-20
DRL00594,CNSHA,NLRTM,MAEU,2022-09-17,2022-10-18,2022-10-20
DRL00595,CNSHA,NLRTM,MAEU,2022-09-18,2022-10-22,2022-10-21
DRL00596,CNSHA,NLRTM,CMA,2022-09-21,2022-10-18,2022-10-24
DRL00597,CNSHA,NLRTM,CMA,2022-09-21,2022-10-25,2022-10-24
DRL00598,CNSHA,NLRTM,MAEU,2022-09-22,2022-10-14,2022-10-25
DRL00599,CNSHA,NLRTM,MSCU,2022-09-22,2022-10-27,2022-10-25
DRL00600,CNSHA,NLRTM,MAEU,2022-09-23,2022-10-18,2022-10-26
DRL00601,CNSHA,NLRTM,MSCU,2022-09-24,2022-10-25,2022-10-27
DRL00602,CNSHA,NLRTM,MSCU,2022-09-25,2022-10-20,2022-10-28
DRL00603,CNSHA,NLRTM,MSCU,2022-09-25,2022-10-27,2022-10-28
DRL00604,CNSHA,NLRTM,MAEU,2022-09-26,2022-10-30,2022-10-29
DRL00605,CNSHA,NLRTM,CMA,2022-09-26,2022-11-03,2022-10-29
DRL00606,CNSHA,NLRTM,MAEU,2022-09-26,2022-10-27,2022-10-29
DRL00607,CNSHA,NLRTM,MAEU,2022-09-26,2022-10-24,2022-10-29
DRL00608,CNSHA,NLRTM,MSCU,2022-09-26,2022-10-22,2022-10-29
DRL00609,CNSHA,NLRTM,MSCU,2022-09-27,2022-10-25,2022-10-30
DRL00610,CNSHA,NLRTM,CMA,2022-09-27,2022-10-26,2022-10-30
DRL00611,CNSHA,NLRTM,MAEU,2022-09-28,2022-10-26,2022-10-31
DRL00612,CNSHA,NLRTM,CMA,2022-09-28,2022-10-25,2022-10-31
DRL00613,CNSHA,NLRTM,MAEU,2022-09-28,2022-11-02,2022-10-31
DRL00614,CNSHA,NLRTM,MSCU,2022-09-28,2022-10-30,2022-10-31
DRL00615,CNSHA,NLRTM,MSCU,2022-09-29,2022-10-27,2022-11-01
DRL00616,CNSHA,NLRTM,MAEU,2022-09-29,2022-10-27,2022-11-01
DRL00617,CNSHA,NLRTM,MSCU,2022-09-29,2022-10-23,2022-11-01
DRL00618,CNSHA,NLRTM,MAEU,2022-09-30,2022-11-01,2022-11-02
DRL00619,CNSHA,NLRTM,MSCU,2022-10-01,2022-10-30,2022-11-03
DRL00620,CNSHA,NLRTM,MAEU,2022-10-01,2022-10-29,2022-11-03
DRL00621,CNSHA,NLRTM,MSCU,2022-10-03,2022-11-03,2022-11-05
DRL00622,CNSHA,NLRTM,MSCU,2022-10-03,2022-11-02,2022-11-05
DRL00623,CNSHA,NLRTM,MSCU,2022-10-03,2022-11-02,2022-11-05
DRL00624,CNSHA,NLRTM,MSCU,2022-10-04,2022-11-02,2022-11-06
DRL00625,CNSHA,NLRTM,MSCU,2022-10-05,2022-11-04,2022-11-07
DRL00626,CNSHA,NLRTM,MSCU,2022-10-05,2022-11-06,2022-11-07
DRL00627,CNSHA,NLRTM,MSCU,2022-10-05,2022-11-01,2022-11-07
DRL00628,CNSHA,NLRTM,CMA,2022-10-06,2022-11-02,2022-11-08
DRL00629,CNSHA,NLRTM,MAEU,2022-10-06,2022-11-05,2022-11-08
DRL00630,CNSHA,NLRTM,MAEU,2022-10-06,2022-11-02,2022-11-08
DRL00631,CNSHA,NLRTM,MSCU,2022-10-06,2022-10-31,2022-11-08
DRL00632,CNSHA,NLRTM,MAEU,2022-10-07,2022-11-03,2022-11-09
DRL00633,CNSHA,NLRTM,MAEU,2022-10-07,2022-11-06,2022-11-09
DRL00634,CNSHA,NLRTM,MSCU,2022-10-07,2022-11-07,2022-11-09
DRL00635,CNSHA,NLRTM,CMA,2022-10-08,2022-11-14,2022-11-10
DRL00636,CNSHA,NLRTM,MAEU,2022-10-10,2022-11-11,2022-11-12
DRL00637,CNSHA,NLRTM,MSCU,2022-10-10,2022-11-09,2022-11-12
DRL00638,CNSHA,NLRTM,CMA,2022-10-11,2022-11-11,2022-11-13
DRL00639,CNSHA,NLRTM,CMA,2022-10-11,2022-11-13,2022-11-13
DRL00640,CNSHA,NLRTM,MSCU,2022-10-12,2022-11-07,2022-11-14
DRL00641,CNSHA,NLRTM,CMA,2022-10-12,2022-11-08,2022-11-14
DRL00642,CNSHA,NLRTM,MSCU,2022-10-13,2022-11-12,2022-11-15
DRL00643,CNSHA,NLRTM,CMA,2022-10-13,2022-11-12,2022-11-15
DRL00644,CNSHA,NLRTM,CMA,2022-10-14,2022-11-14,2022-11-16
DRL00645,CNSHA,NLRTM,MAEU,2022-10-14,2022-11-12,2022-11-16
DRL00646,CNSHA,NLRTM,MSCU,2022-10-14,2022-11-18,2022-11-16
DRL00647,CNSHA,NLRTM,MAEU,2022-10-15,2022-11-17,2022-11-17
DRL00648,CNSHA,NLRTM,CMA,2022-10-16,2022-11-14,2022-11-18
DRL00649,CNSHA,NLRTM,CMA,2022-10-16,2022-11-11,2022-11-18
DRL00650,CNSHA,NLRTM,MAEU,2022-10-17,2022-11-14,2022-11-19
DRL00651,CNSHA,NLRTM,MAEU,2022-10-17,2022-11-14,2022-11-19
DRL00652,CNSHA,NLRTM,MSCU,2022-10-17,2022-11-17,2022-11-19
DRL00653,CNSHA,NLRTM,MSCU,2022-10-18,2022-11-21,2022-11-20
DRL00654,CNSHA,NLRTM,CMA,2022-10-18,2022-11-15,2022-11-20
DRL00655,CNSHA,NLRTM,MAEU,2022-10-19,2022-11-19,2022-11-21
DRL00656,CNSHA,NLRTM,CMA,2022-10-20,2022-11-21,2022-11-22
DRL00657,CNSHA,NLRTM,MSCU,2022-10-21,2022-11-23,2022-11-23
DRL00658,CNSHA,NLRTM,CMA,2022-10-21,2022-11-16,2022-11-23
DRL00659,CNSHA,NLRTM,MAEU,2022-10-21,2022-11-20,2022-11-23
DRL00660,CNSHA,NLRTM,CMA,2022-10-22,2022-11-21,2022-11-24
DRL00661,CNSHA,NLRTM,CMA,2022-10-23,2022-11-22,2022-11-25
DRL00662,CNSHA,NLRTM,MAEU,2022-10-25,2022-11-21,2022-11-27
DRL00663,CNSHA,NLRTM,CMA,2022-10-25,2022-11-22,2022-11-27
DRL00664,CNSHA,NLRTM,CMA,2022-10-25,2022-11-20,2022-11-27
DRL00665,CNSHA,NLRTM,MAEU,2022-10-26,2022-11-19,2022-11-28
DRL00666,CNSHA,NLRTM,MAEU,2022-10-26,2022-11-26,2022-11-28
DRL00667,CNSHA,NLRTM,MAEU,2022-10-27,2022-11-28,2022-11-29
DRL00668,CNSHA,NLRTM,MAEU,2022-10-27,2022-11-28,2022-11-29
DRL00669,CNSHA,NLRTM,MAEU,2022-10-27,2022-11-28,2022-11-29
DRL00670,CNSHA,NLRTM,MSCU,2022-10-27,2022-11-28,2022-11-29
DRL00671,CNSHA,NLRTM,MSCU,2022-10-28,2022-11-25,2022-11-30
DRL00672,CNSHA,NLRTM,CMA,2022-10-28,2022-11-27,2022-11-30
DRL00673,CNSHA,NLRTM,MSCU,2022-10-28,2022-11-30,2022-11-30
DRL00674,CNSHA,NLRTM,MAEU,2022-10-29,2022-11-27,2022-12-01
DRL00675,CNSHA,NLRTM,CMA,2022-10-29,2022-11-26,2022-12-01
DRL00676,CNSHA,NLRTM,MAEU,2022-10-29,2022-11-30,2022-12-01
DRL00677,CNSHA,NLRTM,MAEU,2022-10-29,2022-11-27,2022-12-01
DRL00678,CNSHA,NLRTM,MAEU,2022-10-29,2022-11-26,2022-12-01
DRL00679,CNSHA,NLRTM,MSCU,2022-10-29,2022-11-30,2022-12-01
DRL00680,CNSHA,NLRTM,CMA,2022-10-29,2022-11-29,2022-12-01
DRL00681,CNSHA,NLRTM,CMA,2022-10-30,2022-11-26,2022-12-02
DRL00682,CNSHA,NLRTM,MAEU,2022-10-30,2022-11-28,2022-12-02
DRL00683,CNSHA,NLRTM,MSCU,2022-10-31,2022-12-02,2022-12-03
DRL00684,CNSHA,NLRTM,CMA,2022-10-31,2022-12-01,2022-12-03
DRL00685,CNSHA,NLRTM,CMA,2022-10-31,2022-12-01,2022-12-03
DRL00686,CNSHA,NLRTM,MSCU,2022-10-31,2022-11-29,2022-12-03
DRL00687,CNSHA,NLRTM,MSCU,2022-11-01,2022-12-02,2022-12-04
DRL00688,CNSHA,NLRTM,MSCU,2022-11-01,2022-12-02,2022-12-04
DRL00689,CNSHA,NLRTM,MAEU,2022-11-02,2022-12-07,2022-12-05
DRL00690,CNSHA,NLRTM,CMA,2022-11-02,2022-12-04,2022-12-05
DRL00691,CNSHA,NLRTM,MAEU,2022-11-02,2022-11-29,2022-12-05
DRL00692,CNSHA,NLRTM,CMA,2022-11-03,2022-12-03,2022-12-06
DRL00693,CNSHA,NLRTM,MSCU,2022-11-03,2022-12-03,2022-12-06
DRL00694,CNSHA,NLRTM,MSCU,2022-11-04,2022-12-03,2022-12-07
DRL00695,CNSHA,NLRTM,MSCU,2022-11-04,2022-12-03,2022-12-07
DRL00696,CNSHA,NLRTM,MAEU,2022-11-04,2022-12-07,2022-12-07
DRL00697,CNSHA,NLRTM,MSCU,2022-11-05,2022-12-04,2022-12-08
DRL00698,CNSHA,NLRTM,MAEU,2022-11-05,2022-12-08,2022-12-08
DRL00699,CNSHA,NLRTM,MSCU,2022-11-06,2022-12-03,2022-12-09
DRL00700,CNSHA,NLRTM,MSCU,2022-11-06,2022-12-09,2022-12-09
DRL00701,CNSHA,NLRTM,CMA,2022-11-07,2022-12-05,2022-12-10
DRL00702,CNSHA,NLRTM,MAEU,2022-11-07,2022-12-10,2022-12-10
DRL00703,CNSHA,NLRTM,MAEU,2022-11-08,2022-12-09,2022-12-11
DRL00704,CNSHA,NLRTM,CMA,2022-11-08,2022-12-10,2022-12-11
DRL00705,CNSHA,NLRTM,MSCU,2022-11-08,2022-12-08,2022-12-11
DRL00706,CNSHA,NLRTM,MSCU,2022-11-10,2022-12-14,2022-12-13
DRL00707,CNSHA,NLRTM,CMA,2022-11-10,2022-12-07,2022-12-13
DRL00708,CNSHA,NLRTM,MSCU,2022-11-11,2022-12-11,2022-12-14
DRL00709,CNSHA,NLRTM,MSCU,2022-11-12,2022-12-14,2022-12-15
DRL00710,CNSHA,NLRTM,CMA,2022-11-12,2022-12-11,2022-12-15
DRL00711,CNSHA,NLRTM,CMA,2022-11-13,2022-12-13,2022-12-16
DRL00712,CNSHA,NLRTM,MAEU,2022-11-13,2022-12-11,2022-12-16
DRL00713,CNSHA,NLRTM,MAEU,2022-11-13,2022-12-18,2022-12-16
DRL00714,CNSHA,NLRTM,MSCU,2022-11-14,2022-12-20,2022-12-17
DRL00715,CNSHA,NLRTM,CMA,2022-11-14,2022-12-10,2022-12-17
DRL00716,CNSHA,NLRTM,MSCU,2022-11-15,2022-12-19,2022-12-18
DRL00717,CNSHA,NLRTM,MSCU,2022-11-17,2022-12-19,2022-12-20
DRL00718,CNSHA,NLRTM,CMA,2022-11-17,2022-12-16,2022-12-20
DRL00719,CNSHA,NLRTM,CMA,2022-11-17,2022-12-13,2022-12-20
DRL00720,CNSHA,NLRTM,MAEU,2022-11-18,2022-12-13,2022-12-21
DRL00721,CNSHA,NLRTM,MAEU,2022-11-19,2022-12-18,2022-12-22
DRL00722,CNSHA,NLRTM,MAEU,2022-11-19,2022-12-22,2022-12-22
DRL00723,CNSHA,NLRTM,MSCU,2022-11-19,2022-12-25,2022-12-22
DRL00724,CNSHA,NLRTM,MSCU,2022-11-20,2022-12-21,2022-12-23
DRL00725,CNSHA,NLRTM,MAEU,2022-11-21,2022-12-25,2022-12-24
DRL00726,CNSHA,NLRTM,CMA,2022-11-21,2022-12-22,2022-12-24
DRL00727,CNSHA,NLRTM,MAEU,2022-11-22,2022-12-21,2022-12-25
DRL00728,CNSHA,NLRTM,MAEU,2022-11-22,2022-12-22,2022-12-25
DRL00729,CNSHA,NLRTM,MAEU,2022-11-23,2022-12-26,2022-12-26
DRL00730,CNSHA,NLRTM,MAEU,2022-11-24,2022-12-24,2022-12-27
DRL00731,CNSHA,NLRTM,CMA,2022-11-25,2022-12-23,2022-12-28
DRL00732,CNSHA,NLRTM,CMA,2022-11-25,2022-12-26,2022-12-28
DRL00733,CNSHA,NLRTM,MAEU,2022-11-26,2022-12-22,2022-12-29
DRL00734,CNSHA,NLRTM,MAEU,2022-11-26,2022-12-27,2022-12-29
DRL00735,CNSHA,NLRTM,MSCU,2022-11-27,2022-12-25,2022-12-30
DRL00736,CNSHA,NLRTM,MAEU,2022-11-27,2022-12-20,2022-12-30
DRL00737,CNSHA,NLRTM,CMA,2022-11-28,2022-12-23,2022-12-31
DRL00738,CNSHA,NLRTM,MAEU,2022-11-28,2022-12-22,2022-12-31
DRL00739,CNSHA,NLRTM,MSCU,2022-11-28,2022-12-25,2022-12-31
DRL00740,CNSHA,NLRTM,CMA,2022-11-28,2022-12-27,2022-12-31
DRL00741,CNSHA,NLRTM,MSCU,2022-11-29,2022-12-28,2023-01-01
DRL00742,CNSHA,NLRTM,MSCU,2022-11-29,2023-01-01,2023-01-01
DRL00743,CNSHA,NLRTM,MSCU,2022-11-30,2023-01-02,2023-01-02
DRL00744,CNSHA,NLRTM,CMA,2022-12-01,2022-12-30,2023-01-03
DRL00745,CNSHA,NLRTM,MAEU,2022-12-02,2022-12-30,2023-01-04
DRL00746,CNSHA,NLRTM,CMA,2022-12-03,2023-01-04,2023-01-05
DRL00747,CNSHA,NLRTM,CMA,2022-12-05,2023-01-01,2023-01-07
DRL00748,CNSHA,NLRTM,CMA,2022-12-05,2023-01-03,2023-01-07
DRL00749,CNSHA,NLRTM,CMA,2022-12-06,2023-01-08,2023-01-08
DRL00750,CNSHA,NLRTM,MAEU,2022-12-07,2023-01-08,2023-01-09
DRL00751,CNSHA,NLRTM,MSCU,2022-12-07,2023-01-10,2023-01-09
DRL00752,CNSHA,NLRTM,MAEU,2022-12-09,2023-01-13,2023-01-11
DRL00753,CNSHA,NLRTM,MSCU,2022-12-09,2023-01-08,2023-01-11
DRL00754,CNSHA,NLRTM,MAEU,2022-12-09,2023-01-08,2023-01-11
DRL00755,CNSHA,NLRTM,MAEU,2022-12-09,2023-01-13,2023-01-11
DRL00756,CNSHA,NLRTM,MAEU,2022-12-09,2023-01-10,2023-01-11
DRL00757,CNSHA,NLRTM,CMA,2022-12-09,2023-01-05,2023-01-11
DRL00758,CNSHA,NLRTM,MAEU,2022-12-10,2023-01-08,2023-01-12
DRL00759,CNSHA,NLRTM,CMA,2022-12-11,2023-01-09,2023-01-13
DRL00760,CNSHA,NLRTM,MAEU,2022-12-12,2023-01-12,2023-01-14
DRL00761,CNSHA,NLRTM,CMA,2022-12-12,2023-01-15,2023-01-14
DRL00762,CNSHA,NLRTM,MSCU,2022-12-12,2023-01-06,2023-01-14
DRL00763,CNSHA,NLRTM,CMA,2022-12-13,2023-01-19,2023-01-15
DRL00764,CNSHA,NLRTM,CMA,2022-12-13,2023-01-08,2023-01-15
DRL00765,CNSHA,NLRTM,MAEU,2022-12-14,2023-01-11,2023-01-16
DRL00766,CNSHA,NLRTM,CMA,2022-12-14,2023-01-11,2023-01-16
DRL00767,CNSHA,NLRTM,MAEU,2022-12-14,2023-01-14,2023-01-16
DRL00768,CNSHA,NLRTM,CMA,2022-12-14,2023-01-11,2023-01-16
DRL00769,CNSHA,NLRTM,CMA,2022-12-15,2023-01-10,2023-01-17
DRL00770,CNSHA,NLRTM,MSCU,2022-12-15,2023-01-22,2023-01-17
DRL00771,CNSHA,NLRTM,CMA,2022-12-15,2023-01-10,2023-01-17
DRL00772,CNSHA,NLRTM,MSCU,2022-12-16,2023-01-12,2023-01-18
DRL00773,CNSHA,NLRTM,MSCU,2022-12-16,2023-01-16,2023-01-18
DRL00774,CNSHA,NLRTM,MSCU,2022-12-16,2023-01-17,2023-01-18
DRL00775,CNSHA,NLRTM,CMA,2022-12-17,2023-01-17,2023-01-19
DRL00776,CNSHA,NLRTM,MAEU,2022-12-18,2023-01-18,2023-01-20
DRL00777,CNSHA,NLRTM,MSCU,2022-12-18,2023-01-20,2023-01-20
DRL00778,CNSHA,NLRTM,MSCU,2022-12-19,2023-01-19,2023-01-21
DRL00779,CNSHA,NLRTM,CMA,2022-12-19,2023-01-16,2023-01-21
DRL00780,CNSHA,NLRTM,MAEU,2022-12-19,2023-01-18,2023-01-21
DRL00781,CNSHA,NLRTM,CMA,2022-12-19,2023-01-19,2023-01-21
DRL00782,CNSHA,NLRTM,MSCU,2022-12-20,2023-01-17,2023-01-22
DRL00783,CNSHA,NLRTM,CMA,2022-12-22,2023-01-26,2023-01-24
DRL00784,CNSHA,NLRTM,CMA,2022-12-22,2023-01-25,2023-01-24
DRL00785,CNSHA,NLRTM,CMA,2022-12-23,2023-01-28,2023-01-25
DRL00786,CNSHA,NLRTM,MAEU,2022-12-23,2023-01-19,2023-01-25
DRL00787,CNSHA,NLRTM,CMA,2022-12-24,2023-01-23,2023-01-26
DRL00788,CNSHA,NLRTM,CMA,2022-12-25,2023-01-22,2023-01-27
DRL00789,CNSHA,NLRTM,MAEU,2022-12-25,2023-01-28,2023-01-27
DRL00790,CNSHA,NLRTM,MAEU,2022-12-27,2023-01-26,2023-01-29
DRL00791,CNSHA,NLRTM,CMA,2022-12-27,2023-01-26,2023-01-29
DRL00792,CNSHA,NLRTM,MSCU,2022-12-27,2023-01-27,2023-01-29
DRL00793,CNSHA,NLRTM,MSCU,2022-12-27,2023-01-29,2023-01-29
DRL00794,CNSHA,NLRTM,CMA,2022-12-27,2023-01-25,2023-01-29
DRL00795,CNSHA,NLRTM,MSCU,2022-12-27,2023-01-28,2023-01-29
DRL00796,CNSHA,NLRTM,MSCU,2022-12-27,2023-01-27,2023-01-29
DRL00797,CNSHA,NLRTM,MSCU,2022-12-28,2023-01-23,2023-01-30
DRL00798,CNSHA,NLRTM,CMA,2022-12-28,2023-01-25,2023-01-30
DRL00799,CNSHA,NLRTM,CMA,2022-12-29,2023-01-30,2023-01-31
DRL00800,CNSHA,NLRTM,CMA,2022-12-29,2023-01-25,2023-01-31
DRL00801,CNSHA,NLRTM,MSCU,2022-12-29,2023-01-30,2023-01-31
DRL00802,CNSHA,NLRTM,MAEU,2022-12-30,2023-01-24,2023-02-01
DRL00803,CNSHA,NLRTM,CMA,2022-12-30,2023-01-25,2023-02-01
DRL00804,CNSHA,NLRTM,CMA,2022-12-31,2023-01-31,2023-02-02
DRL00805,CNSHA,NLRTM,MAEU,2022-12-31,2023-01-29,2023-02-02
DRL00806,CNSHA,NLRTM,MSCU,2022-12-31,2023-01-31,2023-02-02
DRL00807,CNSHA,NLRTM,MSCU,2023-01-01,2023-02-03,2023-02-03
DRL00808,CNSHA,NLRTM,CMA,2023-01-01,2023-01-29,2023-02-03
DRL00809,CNSHA,NLRTM,MAEU,2023-01-01,2023-01-31,2023-02-03
DRL00810,CNSHA,NLRTM,CMA,2023-01-02,2023-02-05,2023-02-04
DRL00811,CNSHA,NLRTM,CMA,2023-01-02,2023-01-31,2023-02-04
DRL00812,CNSHA,NLRTM,CMA,2023-01-02,2023-02-04,2023-02-04
DRL00813,CNSHA,NLRTM,MSCU,2023-01-02,2023-02-03,2023-02-04
DRL00814,CNSHA,NLRTM,MSCU,2023-01-03,2023-02-01,2023-02-05
DRL00815,CNSHA,NLRTM,CMA,2023-01-03,2023-02-04,2023-02-05
DRL00816,CNSHA,NLRTM,MAEU,2023-01-04,2023-02-08,2023-02-06
DRL00817,CNSHA,NLRTM,MSCU,2023-01-04,2023-02-03,2023-02-06
DRL00818,CNSHA,NLRTM,MAEU,2023-01-04,2023-02-06,2023-02-06
DRL00819,CNSHA,NLRTM,MSCU,2023-01-05,2023-02-02,2023-02-07
DRL00820,CNSHA,NLRTM,MAEU,2023-01-05,2023-02-01,2023-02-07
DRL00821,CNSHA,NLRTM,MAEU,2023-01-05,2023-01-31,2023-02-07
DRL00822,CNSHA,NLRTM,CMA,2023-01-05,2023-01-31,2023-02-07
DRL00823,CNSHA,NLRTM,CMA,2023-01-06,2023-02-04,2023-02-08
DRL00824,CNSHA,NLRTM,MSCU,2023-01-06,2023-01-31,2023-02-08
DRL00825,CNSHA,NLRTM,MSCU,2023-01-07,2023-02-09,2023-02-09
DRL00826,CNSHA,NLRTM,CMA,2023-01-07,2023-02-06,2023-02-09
DRL00827,CNSHA,NLRTM,MAEU,2023-01-07,2023-02-07,2023-02-09
DRL00828,CNSHA,NLRTM,MAEU,2023-01-08,2023-02-12,2023-02-10
DRL00829,CNSHA,NLRTM,MSCU,2023-01-08,2023-02-03,2023-02-10
DRL00830,CNSHA,NLRTM,MAEU,2023-01-09,2023-02-07,2023-02-11
DRL00831,CNSHA,NLRTM,MSCU,2023-01-09,2023-02-08,2023-02-11
DRL00832,CNSHA,NLRTM,MAEU,2023-01-10,2023-02-04,2023-02-12
DRL00833,CNSHA,NLRTM,CMA,2023-01-10,2023-02-10,2023-02-12
DRL00834,CNSHA,NLRTM,MSCU,2023-01-10,2023-02-11,2023-02-12
DRL00835,CNSHA,NLRTM,MSCU,2023-01-10,2023-02-07,2023-02-12
DRL00836,CNSHA,NLRTM,MAEU,2023-01-10,2023-02-11,2023-02-12
DRL00837,CNSHA,NLRTM,MAEU,2023-01-11,2023-02-11,2023-02-13
DRL00838,CNSHA,NLRTM,MAEU,2023-01-12,2023-02-16,2023-02-14
DRL00839,CNSHA,NLRTM,CMA,2023-01-12,2023-02-12,2023-02-14
DRL00840,CNSHA,NLRTM,CMA,2023-01-13,2023-02-15,2023-02-15
DRL00841,CNSHA,NLRTM,MSCU,2023-01-13,2023-02-09,2023-02-15
DRL00842,CNSHA,NLRTM,MAEU,2023-01-13,2023-02-06,2023-02-15
DRL00843,CNSHA,NLRTM,MAEU,2023-01-14,2023-02-12,2023-02-16
DRL00844,CNSHA,NLRTM,MSCU,2023-01-14,2023-02-16,2023-02-16
DRL00845,CNSHA,NLRTM,CMA,2023-01-14,2023-02-16,2023-02-16
DRL00846,CNSHA,NLRTM,CMA,2023-01-15,2023-02-09,2023-02-17
DRL00847,CNSHA,NLRTM,CMA,2023-01-16,2023-02-17,2023-02-18
DRL00848,CNSHA,NLRTM,MAEU,2023-01-16,2023-02-16,2023-02-18
DRL00849,CNSHA,NLRTM,MAEU,2023-01-17,2023-02-15,2023-02-19
DRL00850,CNSHA,NLRTM,MSCU,2023-01-18,2023-02-17,2023-02-20
DRL00851,CNSHA,NLRTM,MAEU,2023-01-19,2023-02-17,2023-02-21
DRL00852,CNSHA,NLRTM,MSCU,2023-01-20,2023-02-22,2023-02-22
DRL00853,CNSHA,NLRTM,CMA,2023-01-20,2023-02-18,2023-02-22
DRL00854,CNSHA,NLRTM,CMA,2023-01-20,2023-02-18,2023-02-22
DRL00855,CNSHA,NLRTM,CMA,2023-01-21,2023-02-19,2023-02-23
DRL00856,CNSHA,NLRTM,MSCU,2023-01-21,2023-02-17,2023-02-23
DRL00857,CNSHA,NLRTM,MSCU,2023-01-21,2023-02-20,2023-02-23
DRL00858,CNSHA,NLRTM,MSCU,2023-01-21,2023-02-20,2023-02-23
DRL00859,CNSHA,NLRTM,MAEU,2023-01-21,2023-02-17,2023-02-23
DRL00860,CNSHA,NLRTM,CMA,2023-01-24,2023-02-26,2023-02-26
DRL00861,CNSHA,NLRTM,CMA,2023-01-24,2023-02-24,2023-02-26
DRL00862,CNSHA,NLRTM,MAEU,2023-01-24,2023-02-24,2023-02-26
DRL00863,CNSHA,NLRTM,MAEU,2023-01-24,2023-02-17,2023-02-26
DRL00864,CNSHA,NLRTM,MAEU,2023-01-25,2023-02-24,2023-02-27
DRL00865,CNSHA,NLRTM,MSCU,2023-01-25,2023-02-25,2023-02-27
DRL00866,CNSHA,NLRTM,MAEU,2023-01-25,2023-02-25,2023-02-27
DRL00867,CNSHA,NLRTM,MSCU,2023-01-25,2023-02-26,2023-02-27
DRL00868,CNSHA,NLRTM,MAEU,2023-01-26,2023-02-25,2023-02-28
DRL00869,CNSHA,NLRTM,MAEU,2023-01-26,2023-02-23,2023-02-28
DRL00870,CNSHA,NLRTM,MAEU,2023-01-27,2023-02-24,2023-03-01
DRL00871,CNSHA,NLRTM,MAEU,2023-01-27,2023-02-23,2023-03-01
DRL00872,CNSHA,NLRTM,MAEU,2023-01-28,2023-02-28,2023-03-02
DRL00873,CNSHA,NLRTM,CMA,2023-01-28,2023-02-27,2023-03-02
DRL00874,CNSHA,NLRTM,MSCU,2023-01-29,2023-02-28,2023-03-03
DRL00875,CNSHA,NLRTM,CMA,2023-01-30,2023-02-27,2023-03-04
DRL00876,CNSHA,NLRTM,MSCU,2023-01-30,2023-03-05,2023-03-04
DRL00877,CNSHA,NLRTM,MAEU,2023-01-30,2023-02-26,2023-03-04
DRL00878,CNSHA,NLRTM,MAEU,2023-01-30,2023-02-27,2023-03-04
DRL00879,CNSHA,NLRTM,MAEU,2023-01-30,2023-02-27,2023-03-04
DRL00880,CNSHA,NLRTM,MAEU,2023-02-01,2023-03-07,2023-03-06
DRL00881,CNSHA,NLRTM,CMA,2023-02-01,2023-02-26,2023-03-06
DRL00882,CNSHA,NLRTM,MAEU,2023-02-02,2023-03-06,2023-03-07
DRL00883,CNSHA,NLRTM,MSCU,2023-02-02,2023-03-06,2023-03-07
DRL00884,CNSHA,NLRTM,MSCU,2023-02-03,2023-03-04,2023-03-08
DRL00885,CNSHA,NLRTM,MSCU,2023-02-04,2023-03-06,2023-03-09
DRL00886,CNSHA,NLRTM,CMA,2023-02-04,2023-03-07,2023-03-09
DRL00887,CNSHA,NLRTM,CMA,2023-02-04,2023-03-11,2023-03-09
DRL00888,CNSHA,NLRTM,CMA,2023-02-05,2023-03-10,2023-03-10
DRL00889,CNSHA,NLRTM,MSCU,2023-02-05,2023-03-11,2023-03-10
DRL00890,CNSHA,NLRTM,MAEU,2023-02-05,2023-03-09,2023-03-10
DRL00891,CNSHA,NLRTM,MAEU,2023-02-06,2023-03-04,2023-03-11
DRL00892,CNSHA,NLRTM,MSCU,2023-02-06,2023-03-09,2023-03-11
DRL00893,CNSHA,NLRTM,MSCU,2023-02-06,2023-03-04,2023-03-11
DRL00894,CNSHA,NLRTM,MSCU,2023-02-07,2023-03-05,2023-03-12
DRL00895,CNSHA,NLRTM,MAEU,2023-02-07,2023-03-02,2023-03-12
DRL00896,CNSHA,NLRTM,MSCU,2023-02-07,2023-03-10,2023-03-12
DRL00897,CNSHA,NLRTM,MSCU,2023-02-07,2023-03-05,2023-03-12
DRL00898,CNSHA,NLRTM,CMA,2023-02-08,2023-03-11,2023-03-13
DRL00899,CNSHA,NLRTM,CMA,2023-02-09,2023-03-12,2023-03-14
DRL00900,CNSHA,NLRTM,MAEU,2023-02-09,2023-03-09,2023-03-14
DRL00901,CNSHA,NLRTM,CMA,2023-02-09,2023-03-06,2023-03-14
DRL00902,CNSHA,NLRTM,CMA,2023-02-10,2023-03-12,2023-03-15
DRL00903,CNSHA,NLRTM,MSCU,2023-02-11,2023-03-14,2023-03-16
DRL00904,CNSHA,NLRTM,MAEU,2023-02-11,2023-03-15,2023-03-16
DRL00905,CNSHA,NLRTM,CMA,2023-02-11,2023-03-09,2023-03-16
DRL00906,CNSHA,NLRTM,CMA,2023-02-11,2023-03-14,2023-03-16
DRL00907,CNSHA,NLRTM,MAEU,2023-02-11,2023-03-11,2023-03-16
DRL00908,CNSHA,NLRTM,MSCU,2023-02-11,2023-03-11,2023-03-16
DRL00909,CNSHA,NLRTM,CMA,2023-02-13,2023-03-14,2023-03-18
DRL00910,CNSHA,NLRTM,MAEU,2023-02-13,2023-03-15,2023-03-18
DRL00911,CNSHA,NLRTM,MAEU,2023-02-14,2023-03-15,2023-03-19
DRL00912,CNSHA,NLRTM,MAEU,2023-02-14,2023-03-14,2023-03-19
DRL00913,CNSHA,NLRTM,MSCU,2023-02-15,2023-03-17,2023-03-20
DRL00914,CNSHA,NLRTM,MAEU,2023-02-15,2023-03-21,2023-03-20
DRL00915,CNSHA,NLRTM,CMA,2023-02-15,2023-03-20,2023-03-20
DRL00916,CNSHA,NLRTM,MSCU,2023-02-15,2023-03-15,2023-03-20
DRL00917,CNSHA,NLRTM,MSCU,2023-02-15,2023-03-18,2023-03-20
DRL00918,CNSHA,NLRTM,MSCU,2023-02-16,2023-03-17,2023-03-21
DRL00919,CNSHA,NLRTM,CMA,2023-02-17,2023-03-15,2023-03-22
DRL00920,CNSHA,NLRTM,MAEU,2023-02-17,2023-03-18,2023-03-22
DRL00921,CNSHA,NLRTM,CMA,2023-02-19,2023-03-21,2023-03-24
DRL00922,CNSHA,NLRTM,MSCU,2023-02-19,2023-03-17,2023-03-24
DRL00923,CNSHA,NLRTM,MAEU,2023-02-20,2023-03-25,2023-03-25
DRL00924,CNSHA,NLRTM,MSCU,2023-02-21,2023-03-21,2023-03-26
DRL00925,CNSHA,NLRTM,CMA,2023-02-23,2023-03-23,2023-03-28
DRL00926,CNSHA,NLRTM,MAEU,2023-02-24,2023-03-23,2023-03-29
DRL00927,CNSHA,NLRTM,MSCU,2023-02-25,2023-03-31,2023-03-30
DRL00928,CNSHA,NLRTM,CMA,2023-02-25,2023-03-25,2023-03-30
DRL00929,CNSHA,NLRTM,MAEU,2023-02-27,2023-03-24,2023-04-01
DRL00930,CNSHA,NLRTM,CMA,2023-02-27,2023-03-30,2023-04-01
DRL00931,CNSHA,NLRTM,MSCU,2023-02-27,2023-03-29,2023-04-01
DRL00932,CNSHA,NLRTM,MSCU,2023-02-27,2023-03-28,2023-04-01
DRL00933,CNSHA,NLRTM,MSCU,2023-02-28,2023-04-02,2023-04-02
DRL00934,CNSHA,NLRTM,MSCU,2023-02-28,2023-03-27,2023-04-02
DRL00935,CNSHA,NLRTM,MSCU,2023-02-28,2023-03-24,2023-04-02
DRL00936,CNSHA,NLRTM,MAEU,2023-02-28,2023-04-02,2023-04-02
DRL00937,CNSHA,NLRTM,MSCU,2023-02-28,2023-03-30,2023-04-02
DRL00938,CNSHA,NLRTM,CMA,2023-03-02,2023-03-31,2023-04-04
DRL00939,CNSHA,NLRTM,MSCU,2023-03-02,2023-03-28,2023-04-04
DRL00940,CNSHA,NLRTM,MSCU,2023-03-02,2023-03-29,2023-04-04
DRL00941,CNSHA,NLRTM,MAEU,2023-03-03,2023-04-05,2023-04-05
DRL00942,CNSHA,NLRTM,MSCU,2023-03-04,2023-04-08,2023-04-06
DRL00943,CNSHA,NLRTM,CMA,2023-03-04,2023-03-30,2023-04-06
DRL00944,CNSHA,NLRTM,MAEU,2023-03-04,2023-04-06,2023-04-06
DRL00945,CNSHA,NLRTM,MSCU,2023-03-05,2023-04-05,2023-04-07
DRL00946,CNSHA,NLRTM,MSCU,2023-03-05,2023-04-08,2023-04-07
DRL00947,CNSHA,NLRTM,CMA,2023-03-06,2023-03-30,2023-04-08
DRL00948,CNSHA,NLRTM,MSCU,2023-03-06,2023-04-02,2023-04-08
DRL00949,CNSHA,NLRTM,MAEU,2023-03-06,2023-04-03,2023-04-08
DRL00950,CNSHA,NLRTM,MSCU,2023-03-07,2023-04-10,2023-04-09
DRL00951,CNSHA,NLRTM,MSCU,2023-03-08,2023-04-07,2023-04-10
DRL00952,CNSHA,NLRTM,MSCU,2023-03-08,2023-04-12,2023-04-10
DRL00953,CNSHA,NLRTM,CMA,2023-03-08,2023-04-07,2023-04-10
DRL00954,CNSHA,NLRTM,MSCU,2023-03-09,2023-04-10,2023-04-11
DRL00955,CNSHA,NLRTM,MSCU,2023-03-09,2023-04-10,2023-04-11
DRL00956,CNSHA,NLRTM,CMA,2023-03-09,2023-04-13,2023-04-11
DRL00957,CNSHA,NLRTM,MSCU,2023-03-10,2023-04-09,2023-04-12
DRL00958,CNSHA,NLRTM,MSCU,2023-03-10,2023-04-07,2023-04-12
DRL00959,CNSHA,NLRTM,MAEU,2023-03-11,2023-04-02,2023-04-13
DRL00960,CNSHA,NLRTM,MSCU,2023-03-11,2023-04-04,2023-04-13
DRL00961,CNSHA,NLRTM,MAEU,2023-03-12,2023-04-10,2023-04-14
DRL00962,CNSHA,NLRTM,MSCU,2023-03-12,2023-04-11,2023-04-14
DRL00963,CNSHA,NLRTM,CMA,2023-03-12,2023-04-11,2023-04-14
DRL00964,CNSHA,NLRTM,MSCU,2023-03-12,2023-04-03,2023-04-14
DRL00965,CNSHA,NLRTM,MSCU,2023-03-13,2023-04-15,2023-04-15
DRL00966,CNSHA,NLRTM,MAEU,2023-03-13,2023-04-14,2023-04-15
DRL00967,CNSHA,NLRTM,CMA,2023-03-13,2023-04-09,2023-04-15
DRL00968,CNSHA,NLRTM,MSCU,2023-03-14,2023-04-16,2023-04-16
DRL00969,CNSHA,NLRTM,MAEU,2023-03-14,2023-04-10,2023-04-16
DRL00970,CNSHA,NLRTM,MSCU,2023-03-14,2023-04-18,2023-04-16
DRL00971,CNSHA,NLRTM,CMA,2023-03-14,2023-04-09,2023-04-16
DRL00972,CNSHA,NLRTM,MSCU,2023-03-15,2023-04-17,2023-04-17
DRL00973,CNSHA,NLRTM,CMA,2023-03-16,2023-04-18,2023-04-18
DRL00974,CNSHA,NLRTM,MAEU,2023-03-17,2023-04-17,2023-04-19
DRL00975,CNSHA,NLRTM,CMA,2023-03-21,2023-04-17,2023-04-23
DRL00976,CNSHA,NLRTM,MSCU,2023-03-21,2023-04-18,2023-04-23
DRL00977,CNSHA,NLRTM,CMA,2023-03-22,2023-04-25,2023-04-24
DRL00978,CNSHA,NLRTM,CMA,2023-03-22,2023-04-24,2023-04-24
DRL00979,CNSHA,NLRTM,MAEU,2023-03-22,2023-04-24,2023-04-24
DRL00980,CNSHA,NLRTM,CMA,2023-03-22,2023-04-22,2023-04-24
DRL00981,CNSHA,NLRTM,MSCU,2023-03-23,2023-04-24,2023-04-25
DRL00982,CNSHA,NLRTM,MAEU,2023-03-23,2023-04-19,2023-04-25
DRL00983,CNSHA,NLRTM,MAEU,2023-03-24,2023-04-30,2023-04-26
DRL00984,CNSHA,NLRTM,CMA,2023-03-25,2023-04-21,2023-04-27
DRL00985,CNSHA,NLRTM,CMA,2023-03-26,2023-04-27,2023-04-28
DRL00986,CNSHA,NLRTM,MAEU,2023-03-26,2023-04-21,2023-04-28
DRL00987,CNSHA,NLRTM,CMA,2023-03-26,2023-04-28,2023-04-28
DRL00988,CNSHA,NLRTM,CMA,2023-03-26,2023-04-25,2023-04-28
DRL00989,CNSHA,NLRTM,CMA,2023-03-27,2023-04-26,2023-04-29
DRL00990,CNSHA,NLRTM,MAEU,2023-03-27,2023-04-22,2023-04-29
DRL00991,CNSHA,NLRTM,CMA,2023-03-28,2023-04-22,2023-04-30
DRL00992,CNSHA,NLRTM,CMA,2023-03-29,2023-04-21,2023-05-01
DRL00993,CNSHA,NLRTM,MSCU,2023-03-30,2023-05-02,2023-05-02
DRL00994,CNSHA,NLRTM,MSCU,2023-03-30,2023-05-05,2023-05-02
DRL00995,CNSHA,NLRTM,MSCU,2023-03-30,2023-04-28,2023-05-02
DRL00996,CNSHA,NLRTM,MSCU,2023-03-30,2023-04-29,2023-05-02
DRL00997,CNSHA,NLRTM,CMA,2023-03-30,2023-05-03,2023-05-02
DRL00998,CNSHA,NLRTM,CMA,2023-03-30,2023-04-29,2023-05-02
DRL00999,CNSHA,NLRTM,CMA,2023-03-30,2023-04-30,2023-05-02
DRL01000,CNSHA,NLRTM,MAEU,2023-03-31,2023-04-29,2023-05-03
DRL01001,CNSHA,NLRTM,MSCU,2023-03-31,2023-04-27,2023-05-03
DRL01002,CNSHA,NLRTM,CMA,2023-04-02,2023-05-02,2023-05-05
DRL01003,CNSHA,NLRTM,MAEU,2023-04-03,2023-04-30,2023-05-06
DRL01004,CNSHA,NLRTM,MSCU,2023-04-03,2023-05-01,2023-05-06
DRL01005,CNSHA,NLRTM,CMA,2023-04-03,2023-05-03,2023-05-06
DRL01006,CNSHA,NLRTM,MSCU,2023-04-03,2023-04-28,2023-05-06
DRL01007,CNSHA,NLRTM,MSCU,2023-04-03,2023-05-01,2023-05-06
DRL01008,CNSHA,NLRTM,MAEU,2023-04-03,2023-04-28,2023-05-06
DRL01009,CNSHA,NLRTM,MSCU,2023-04-04,2023-05-04,2023-05-07
DRL01010,CNSHA,NLRTM,MAEU,2023-04-05,2023-05-06,2023-05-08
DRL01011,CNSHA,NLRTM,CMA,2023-04-06,2023-05-09,2023-05-09
DRL01012,CNSHA,NLRTM,MSCU,2023-04-06,2023-05-04,2023-05-09
DRL01013,CNSHA,NLRTM,MSCU,2023-04-06,2023-05-03,2023-05-09
DRL01014,CNSHA,NLRTM,MAEU,2023-04-07,2023-05-15,2023-05-10
DRL01015,CNSHA,NLRTM,MSCU,2023-04-07,2023-05-05,2023-05-10
DRL01016,CNSHA,NLRTM,MAEU,2023-04-07,2023-05-10,2023-05-10
DRL01017,CNSHA,NLRTM,MSCU,2023-04-07,2023-05-12,2023-05-10
DRL01018,CNSHA,NLRTM,CMA,2023-04-07,2023-05-07,2023-05-10
DRL01019,CNSHA,NLRTM,CMA,2023-04-08,2023-05-04,2023-05-11
DRL01020,CNSHA,NLRTM,MAEU,2023-04-08,2023-05-09,2023-05-11
DRL01021,CNSHA,NLRTM,MAEU,2023-04-08,2023-05-12,2023-05-11
DRL01022,CNSHA,NLRTM,MAEU,2023-04-08,2023-05-06,2023-05-11
DRL01023,CNSHA,NLRTM,CMA,2023-04-08,2023-05-06,2023-05-11
DRL01024,CNSHA,NLRTM,CMA,2023-04-08,2023-05-07,2023-05-11
DRL01025,CNSHA,NLRTM,MAEU,2023-04-08,2023-05-08,2023-05-11
DRL01026,CNSHA,NLRTM,MAEU,2023-04-09,2023-05-10,2023-05-12
DRL01027,CNSHA,NLRTM,CMA,2023-04-09,2023-05-11,2023-05-12
DRL01028,CNSHA,NLRTM,MAEU,2023-04-09,2023-05-13,2023-05-12
DRL01029,CNSHA,NLRTM,CMA,2023-04-10,2023-05-13,2023-05-13
DRL01030,CNSHA,NLRTM,MSCU,2023-04-10,2023-05-07,2023-05-13
DRL01031,CNSHA,NLRTM,CMA,2023-04-11,2023-05-11,2023-05-14
DRL01032,CNSHA,NLRTM,CMA,2023-04-12,2023-05-05,2023-05-15
DRL01033,CNSHA,NLRTM,CMA,2023-04-12,2023-05-07,2023-05-15
DRL01034,CNSHA,NLRTM,MAEU,2023-04-13,2023-05-13,2023-05-16
DRL01035,CNSHA,NLRTM,CMA,2023-04-13,2023-05-12,2023-05-16
DRL01036,CNSHA,NLRTM,MAEU,2023-04-13,2023-05-10,2023-05-16
DRL01037,CNSHA,NLRTM,MSCU,2023-04-14,2023-05-15,2023-05-17
DRL01038,CNSHA,NLRTM,MSCU,2023-04-14,2023-05-14,2023-05-17
DRL01039,CNSHA,NLRTM,CMA,2023-04-14,2023-05-11,2023-05-17
DRL01040,CNSHA,NLRTM,MAEU,2023-04-15,2023-05-14,2023-05-18
DRL01041,CNSHA,NLRTM,MSCU,2023-04-15,2023-05-12,2023-05-18
DRL01042,CNSHA,NLRTM,MAEU,2023-04-15,2023-05-21,2023-05-18
DRL01043,CNSHA,NLRTM,MAEU,2023-04-15,2023-05-11,2023-05-18
DRL01044,CNSHA,NLRTM,MAEU,2023-04-16,2023-05-15,2023-05-19
DRL01045,CNSHA,NLRTM,MAEU,2023-04-16,2023-05-20,2023-05-19
DRL01046,CNSHA,NLRTM,MAEU,2023-04-16,2023-05-16,2023-05-19
DRL01047,CNSHA,NLRTM,MSCU,2023-04-16,2023-05-15,2023-05-19
DRL01048,CNSHA,NLRTM,MSCU,2023-04-16,2023-05-18,2023-05-19
DRL01049,CNSHA,NLRTM,MSCU,2023-04-16,2023-05-23,2023-05-19
DRL01050,CNSHA,NLRTM,MSCU,2023-04-17,2023-05-13,2023-05-20
DRL01051,CNSHA,NLRTM,CMA,2023-04-17,2023-05-18,2023-05-20
DRL01052,CNSHA,NLRTM,CMA,2023-04-17,2023-05-21,2023-05-20
DRL01053,CNSHA,NLRTM,MSCU,2023-04-18,2023-05-14,2023-05-21
DRL01054,CNSHA,NLRTM,MAEU,2023-04-19,2023-05-21,2023-05-22
DRL01055,CNSHA,NLRTM,MSCU,2023-04-19,2023-05-12,2023-05-22
DRL01056,CNSHA,NLRTM,CMA,2023-04-19,2023-05-23,2023-05-22
DRL01057,CNSHA,NLRTM,CMA,2023-04-20,2023-05-18,2023-05-23
DRL01058,CNSHA,NLRTM,CMA,2023-04-20,2023-05-17,2023-05-23
DRL01059,CNSHA,NLRTM,MSCU,2023-04-21,2023-05-21,2023-05-24
DRL01060,CNSHA,NLRTM,CMA,2023-04-22,2023-05-22,2023-05-25
DRL01061,CNSHA,NLRTM,MAEU,2023-04-22,2023-05-18,2023-05-25
DRL01062,CNSHA,NLRTM,CMA,2023-04-22,2023-05-16,2023-05-25
DRL01063,CNSHA,NLRTM,MSCU,2023-04-22,2023-05-21,2023-05-25
DRL01064,CNSHA,NLRTM,MSCU,2023-04-23,2023-05-24,2023-05-26
DRL01065,CNSHA,NLRTM,MSCU,2023-04-24,2023-05-22,2023-05-27
DRL01066,CNSHA,NLRTM,MSCU,2023-04-25,2023-05-27,2023-05-28
DRL01067,CNSHA,NLRTM,MAEU,2023-04-25,2023-05-27,2023-05-28
DRL01068,CNSHA,NLRTM,MSCU,2023-04-25,2023-05-24,2023-05-28
DRL01069,CNSHA,NLRTM,CMA,2023-04-27,2023-05-30,2023-05-30
DRL01070,CNSHA,NLRTM,CMA,2023-04-27,2023-05-27,2023-05-30
DRL01071,CNSHA,NLRTM,MAEU,2023-04-27,2023-05-29,2023-05-30
DRL01072,CNSHA,NLRTM,CMA,2023-04-27,2023-05-25,2023-05-30
DRL01073,CNSHA,NLRTM,CMA,2023-04-27,2023-05-25,2023-05-30
DRL01074,CNSHA,NLRTM,MSCU,2023-04-28,2023-05-28,2023-05-31
DRL01075,CNSHA,NLRTM,CMA,2023-04-28,2023-05-24,2023-05-31
DRL01076,CNSHA,NLRTM,MSCU,2023-04-29,2023-05-29,2023-06-01
DRL01077,CNSHA,NLRTM,MAEU,2023-04-29,2023-05-28,2023-06-01
DRL01078,CNSHA,NLRTM,MAEU,2023-04-29,2023-06-02,2023-06-01
DRL01079,CNSHA,NLRTM,CMA,2023-04-30,2023-06-01,2023-06-02
DRL01080,CNSHA,NLRTM,MAEU,2023-04-30,2023-06-02,2023-06-02
DRL01081,CNSHA,NLRTM,MSCU,2023-04-30,2023-05-31,2023-06-02
DRL01082,CNSHA,NLRTM,CMA,2023-05-01,2023-06-02,2023-06-03
DRL01083,CNSHA,NLRTM,MAEU,2023-05-01,2023-05-27,2023-06-03
DRL01084,CNSHA,NLRTM,MAEU,2023-05-02,2023-05-27,2023-06-04
DRL01085,CNSHA,NLRTM,CMA,2023-05-02,2023-06-02,2023-06-04
DRL01086,CNSHA,NLRTM,CMA,2023-05-03,2023-06-05,2023-06-05
DRL01087,CNSHA,NLRTM,CMA,2023-05-03,2023-05-31,2023-06-05
DRL01088,CNSHA,NLRTM,MSCU,2023-05-03,2023-05-31,2023-06-05
DRL01089,CNSHA,NLRTM,CMA,2023-05-03,2023-05-31,2023-06-05
DRL01090,CNSHA,NLRTM,MSCU,2023-05-05,2023-06-02,2023-06-07
DRL01091,CNSHA,NLRTM,MAEU,2023-05-06,2023-06-03,2023-06-08
DRL01092,CNSHA,NLRTM,MAEU,2023-05-06,2023-05-28,2023-06-08
DRL01093,CNSHA,NLRTM,MSCU,2023-05-07,2023-06-08,2023-06-09
DRL01094,CNSHA,NLRTM,MSCU,2023-05-08,2023-06-04,2023-06-10
DRL01095,CNSHA,NLRTM,CMA,2023-05-08,2023-06-08,2023-06-10
DRL01096,CNSHA,NLRTM,MSCU,2023-05-08,2023-06-06,2023-06-10
DRL01097,CNSHA,NLRTM,MAEU,2023-05-10,2023-06-06,2023-06-12
DRL01098,CNSHA,NLRTM,MAEU,2023-05-10,2023-06-09,2023-06-12
DRL01099,CNSHA,NLRTM,MSCU,2023-05-10,2023-06-09,2023-06-12
DRL01100,CNSHA,NLRTM,MSCU,2023-05-10,2023-06-12,2023-06-12
DRL01101,CNSHA,NLRTM,MAEU,2023-05-12,2023-06-08,2023-06-14
DRL01102,CNSHA,NLRTM,CMA,2023-05-12,2023-06-13,2023-06-14
DRL01103,CNSHA,NLRTM,CMA,2023-05-13,2023-06-08,2023-06-15
DRL01104,CNSHA,NLRTM,MSCU,2023-05-13,2023-06-11,2023-06-15
DRL01105,CNSHA,NLRTM,CMA,2023-05-13,2023-06-11,2023-06-15
DRL01106,CNSHA,NLRTM,MSCU,2023-05-13,2023-06-10,2023-06-15
DRL01107,CNSHA,NLRTM,CMA,2023-05-14,2023-06-15,2023-06-16
DRL01108,CNSHA,NLRTM,MAEU,2023-05-14,2023-06-12,2023-06-16
DRL01109,CNSHA,NLRTM,MAEU,2023-05-14,2023-06-13,2023-06-16
DRL01110,CNSHA,NLRTM,MSCU,2023-05-14,2023-06-14,2023-06-16
DRL01111,CNSHA,NLRTM,MSCU,2023-05-15,2023-06-13,2023-06-17
DRL01112,CNSHA,NLRTM,CMA,2023-05-15,2023-06-16,2023-06-17
DRL01113,CNSHA,NLRTM,MAEU,2023-05-15,2023-06-17,2023-06-17
DRL01114,CNSHA,NLRTM,CMA,2023-05-16,2023-06-15,2023-06-18
DRL01115,CNSHA,NLRTM,MAEU,2023-05-17,2023-06-19,2023-06-19
DRL01116,CNSHA,NLRTM,MSCU,2023-05-17,2023-06-19,2023-06-19
DRL01117,CNSHA,NLRTM,MAEU,2023-05-17,2023-06-16,2023-06-19
DRL01118,CNSHA,NLRTM,MAEU,2023-05-19,2023-06-21,2023-06-21
DRL01119,CNSHA,NLRTM,MAEU,2023-05-20,2023-06-21,2023-06-22
DRL01120,CNSHA,NLRTM,CMA,2023-05-21,2023-06-15,2023-06-23
DRL01121,CNSHA,NLRTM,CMA,2023-05-22,2023-06-22,2023-06-24
DRL01122,CNSHA,NLRTM,MSCU,2023-05-23,2023-06-26,2023-06-25
DRL01123,CNSHA,NLRTM,MAEU,2023-05-23,2023-06-21,2023-06-25
DRL01124,CNSHA,NLRTM,MAEU,2023-05-23,2023-06-24,2023-06-25
DRL01125,CNSHA,NLRTM,MSCU,2023-05-24,2023-06-19,2023-06-26
DRL01126,CNSHA,NLRTM,CMA,2023-05-24,2023-06-16,2023-06-26
DRL01127,CNSHA,NLRTM,CMA,2023-05-24,2023-06-21,2023-06-26
DRL01128,CNSHA,NLRTM,MSCU,2023-05-25,2023-06-20,2023-06-27
DRL01129,CNSHA,NLRTM,CMA,2023-05-26,2023-06-27,2023-06-28
DRL01130,CNSHA,NLRTM,CMA,2023-05-26,2023-06-23,2023-06-28
DRL01131,CNSHA,NLRTM,CMA,2023-05-26,2023-06-25,2023-06-28
DRL01132,CNSHA,NLRTM,MAEU,2023-05-27,2023-06-25,2023-06-29
DRL01133,CNSHA,NLRTM,CMA,2023-05-31,2023-07-06,2023-07-03
DRL01134,CNSHA,NLRTM,MAEU,2023-05-31,2023-06-30,2023-07-03
DRL01135,CNSHA,NLRTM,MSCU,2023-06-02,2023-07-03,2023-07-05
DRL01136,CNSHA,NLRTM,MAEU,2023-06-02,2023-07-01,2023-07-05
DRL01137,CNSHA,NLRTM,CMA,2023-06-02,2023-07-05,2023-07-05
DRL01138,CNSHA,NLRTM,CMA,2023-06-02,2023-07-03,2023-07-05
DRL01139,CNSHA,NLRTM,CMA,2023-06-03,2023-07-04,2023-07-06
DRL01140,CNSHA,NLRTM,MAEU,2023-06-03,2023-07-04,2023-07-06
DRL01141,CNSHA,NLRTM,MAEU,2023-06-03,2023-07-03,2023-07-06
DRL01142,CNSHA,NLRTM,MSCU,2023-06-03,2023-06-28,2023-07-06
DRL01143,CNSHA,NLRTM,CMA,2023-06-03,2023-07-10,2023-07-06
DRL01144,CNSHA,NLRTM,MAEU,2023-06-04,2023-07-06,2023-07-07
DRL01145,CNSHA,NLRTM,CMA,2023-06-04,2023-07-06,2023-07-07
DRL01146,CNSHA,NLRTM,MSCU,2023-06-05,2023-07-01,2023-07-08
DRL01147,CNSHA,NLRTM,MSCU,2023-06-06,2023-07-08,2023-07-09
DRL01148,CNSHA,NLRTM,MAEU,2023-06-06,2023-07-05,2023-07-09
DRL01149,CNSHA,NLRTM,MAEU,2023-06-06,2023-07-02,2023-07-09
DRL01150,CNSHA,NLRTM,MSCU,2023-06-06,2023-07-06,2023-07-09
DRL01151,CNSHA,NLRTM,MAEU,2023-06-06,2023-07-06,2023-07-09
DRL01152,CNSHA,NLRTM,MSCU,2023-06-08,2023-07-09,2023-07-11
DRL01153,CNSHA,NLRTM,MAEU,2023-06-08,2023-07-03,2023-07-11
DRL01154,CNSHA,NLRTM,CMA,2023-06-09,2023-07-13,2023-07-12
DRL01155,CNSHA,NLRTM,CMA,2023-06-09,2023-07-11,2023-07-12
DRL01156,CNSHA,NLRTM,MAEU,2023-06-11,2023-07-12,2023-07-14
DRL01157,CNSHA,NLRTM,MSCU,2023-06-11,2023-07-13,2023-07-14
DRL01158,CNSHA,NLRTM,CMA,2023-06-11,2023-07-07,2023-07-14
DRL01159,CNSHA,NLRTM,CMA,2023-06-11,2023-07-16,2023-07-14
DRL01160,CNSHA,NLRTM,MAEU,2023-06-12,2023-07-12,2023-07-15
DRL01161,CNSHA,NLRTM,CMA,2023-06-13,2023-07-12,2023-07-16
DRL01162,CNSHA,NLRTM,MAEU,2023-06-14,2023-07-16,2023-07-17
DRL01163,CNSHA,NLRTM,CMA,2023-06-15,2023-07-19,2023-07-18
DRL01164,CNSHA,NLRTM,CMA,2023-06-16,2023-07-12,2023-07-19
DRL01165,CNSHA,NLRTM,CMA,2023-06-17,2023-07-18,2023-07-20
DRL01166,CNSHA,NLRTM,MAEU,2023-06-17,2023-07-19,2023-07-20
DRL01167,CNSHA,NLRTM,MAEU,2023-06-18,2023-07-16,2023-07-21
DRL01168,CNSHA,NLRTM,MSCU,2023-06-19,2023-07-16,2023-07-22
DRL01169,CNSHA,NLRTM,CMA,2023-06-19,2023-07-18,2023-07-22
DRL01170,CNSHA,NLRTM,CMA,2023-06-19,2023-07-17,2023-07-22
DRL01171,CNSHA,NLRTM,CMA,2023-06-19,2023-07-21,2023-07-22
DRL01172,CNSHA,NLRTM,MSCU,2023-06-20,2023-07-18,2023-07-23
DRL01173,CNSHA,NLRTM,MSCU,2023-06-20,2023-07-20,2023-07-23
DRL01174,CNSHA,NLRTM,CMA,2023-06-20,2023-07-20,2023-07-23
DRL01175,CNSHA,NLRTM,MAEU,2023-06-20,2023-07-21,2023-07-23
DRL01176,CNSHA,NLRTM,CMA,2023-06-21,2023-07-17,2023-07-24
DRL01177,CNSHA,NLRTM,MSCU,2023-06-22,2023-07-21,2023-07-25
DRL01178,CNSHA,NLRTM,MAEU,2023-06-22,2023-07-23,2023-07-25
DRL01179,CNSHA,NLRTM,CMA,2023-06-22,2023-07-21,2023-07-25
DRL01180,CNSHA,NLRTM,MSCU,2023-06-23,2023-07-26,2023-07-26
DRL01181,CNSHA,NLRTM,MAEU,2023-06-23,2023-07-21,2023-07-26
DRL01182,CNSHA,NLRTM,MAEU,2023-06-24,2023-07-21,2023-07-27
DRL01183,CNSHA,NLRTM,CMA,2023-06-24,2023-07-25,2023-07-27
DRL01184,CNSHA,NLRTM,MSCU,2023-06-24,2023-07-24,2023-07-27
DRL01185,CNSHA,NLRTM,MSCU,2023-06-24,2023-07-25,2023-07-27
DRL01186,CNSHA,NLRTM,MAEU,2023-06-25,2023-07-25,2023-07-28
DRL01187,CNSHA,NLRTM,MAEU,2023-06-25,2023-07-28,2023-07-28
DRL01188,CNSHA,NLRTM,CMA,2023-06-26,2023-07-25,2023-07-29
DRL01189,CNSHA,NLRTM,CMA,2023-06-26,2023-07-25,2023-07-29
DRL01190,CNSHA,NLRTM,MAEU,2023-06-26,2023-07-27,2023-07-29
DRL01191,CNSHA,NLRTM,CMA,2023-06-26,2023-07-21,2023-07-29
DRL01192,CNSHA,NLRTM,MAEU,2023-06-26,2023-07-29,2023-07-29
DRL01193,CNSHA,NLRTM,MAEU,2023-06-27,2023-07-26,2023-07-30
DRL01194,CNSHA,NLRTM,MAEU,2023-06-27,2023-07-24,2023-07-30
DRL01195,CNSHA,NLRTM,MSCU,2023-06-27,2023-08-01,2023-07-30
DRL01196,CNSHA,NLRTM,MSCU,2023-06-28,2023-07-30,2023-07-31
DRL01197,CNSHA,NLRTM,CMA,2023-06-28,2023-07-29,2023-07-31
DRL01198,CNSHA,NLRTM,CMA,2023-06-28,2023-07-31,2023-07-31
DRL01199,CNSHA,NLRTM,MAEU,2023-06-30,2023-07-31,2023-08-02
DRL01200,CNSHA,NLRTM,MAEU,2023-06-30,2023-07-30,2023-08-02
DRL01201,CNSHA,NLRTM,MAEU,2023-07-01,2023-07-29,2023-08-03
DRL01202,CNSHA,NLRTM,MSCU,2023-07-01,2023-07-30,2023-08-03
DRL01203,CNSHA,NLRTM,MAEU,2023-07-01,2023-07-31,2023-08-03
DRL01204,CNSHA,NLRTM,MSCU,2023-07-01,2023-07-31,2023-08-03
DRL01205,CNSHA,NLRTM,MSCU,2023-07-02,2023-07-29,2023-08-04
DRL01206,CNSHA,NLRTM,MSCU,2023-07-02,2023-08-02,2023-08-04
DRL01207,CNSHA,NLRTM,MSCU,2023-07-02,2023-07-30,2023-08-04
DRL01208,CNSHA,NLRTM,CMA,2023-07-03,2023-07-31,2023-08-05
DRL01209,CNSHA,NLRTM,CMA,2023-07-03,2023-08-07,2023-08-05
DRL01210,CNSHA,NLRTM,MSCU,2023-07-04,2023-08-03,2023-08-06
DRL01211,CNSHA,NLRTM,CMA,2023-07-04,2023-07-31,2023-08-06
DRL01212,CNSHA,NLRTM,MSCU,2023-07-05,2023-08-06,2023-08-07
DRL01213,CNSHA,NLRTM,MSCU,2023-07-06,2023-08-07,2023-08-08
DRL01214,CNSHA,NLRTM,CMA,2023-07-07,2023-08-04,2023-08-09
DRL01215,CNSHA,NLRTM,MSCU,2023-07-08,2023-08-03,2023-08-10
DRL01216,CNSHA,NLRTM,MAEU,2023-07-08,2023-08-11,2023-08-10
DRL01217,CNSHA,NLRTM,MAEU,2023-07-08,2023-08-12,2023-08-10
DRL01218,CNSHA,NLRTM,MSCU,2023-07-08,2023-08-06,2023-08-10
DRL01219,CNSHA,NLRTM,MAEU,2023-07-08,2023-08-07,2023-08-10
DRL01220,CNSHA,NLRTM,MSCU,2023-07-10,2023-08-10,2023-08-12
DRL01221,CNSHA,NLRTM,CMA,2023-07-11,2023-08-09,2023-08-13
DRL01222,CNSHA,NLRTM,MAEU,2023-07-11,2023-08-11,2023-08-13
DRL01223,CNSHA,NLRTM,MAEU,2023-07-12,2023-08-13,2023-08-14
DRL01224,CNSHA,NLRTM,CMA,2023-07-12,2023-08-14,2023-08-14
DRL01225,CNSHA,NLRTM,CMA,2023-07-13,2023-08-16,2023-08-15
DRL01226,CNSHA,NLRTM,MAEU,2023-07-13,2023-08-12,2023-08-15
DRL01227,CNSHA,NLRTM,MSCU,2023-07-13,2023-08-12,2023-08-15
DRL01228,CNSHA,NLRTM,CMA,2023-07-14,2023-08-16,2023-08-16
DRL01229,CNSHA,NLRTM,CMA,2023-07-14,2023-08-17,2023-08-16
DRL01230,CNSHA,NLRTM,MSCU,2023-07-15,2023-08-19,2023-08-17
DRL01231,CNSHA,NLRTM,MSCU,2023-07-15,2023-08-14,2023-08-17
DRL01232,CNSHA,NLRTM,MAEU,2023-07-16,2023-08-08,2023-08-18
DRL01233,CNSHA,NLRTM,MAEU,2023-07-16,2023-08-20,2023-08-18
DRL01234,CNSHA,NLRTM,MSCU,2023-07-16,2023-08-15,2023-08-18
DRL01235,CNSHA,NLRTM,MSCU,2023-07-17,2023-08-10,2023-08-19
DRL01236,CNSHA,NLRTM,MSCU,2023-07-17,2023-08-16,2023-08-19
DRL01237,CNSHA,NLRTM,CMA,2023-07-17,2023-08-18,2023-08-19
DRL01238,CNSHA,NLRTM,MAEU,2023-07-17,2023-08-10,2023-08-19
DRL01239,CNSHA,NLRTM,CMA,2023-07-17,2023-08-14,2023-08-19
DRL01240,CNSHA,NLRTM,MSCU,2023-07-17,2023-08-19,2023-08-19
DRL01241,CNSHA,NLRTM,MAEU,2023-07-18,2023-08-14,2023-08-20
DRL01242,CNSHA,NLRTM,CMA,2023-07-18,2023-08-18,2023-08-20
DRL01243,CNSHA,NLRTM,CMA,2023-07-18,2023-08-16,2023-08-20
DRL01244,CNSHA,NLRTM,MSCU,2023-07-18,2023-08-19,2023-08-20
DRL01245,CNSHA,NLRTM,MAEU,2023-07-18,2023-08-18,2023-08-20
DRL01246,CNSHA,NLRTM,MSCU,2023-07-19,2023-08-20,2023-08-21
DRL01247,CNSHA,NLRTM,MSCU,2023-07-19,2023-08-17,2023-08-21
DRL01248,CNSHA,NLRTM,MSCU,2023-07-20,2023-08-20,2023-08-22
DRL01249,CNSHA,NLRTM,CMA,2023-07-20,2023-08-19,2023-08-22
DRL01250,CNSHA,NLRTM,CMA,2023-07-20,2023-08-21,2023-08-22
DRL01251,CNSHA,NLRTM,MSCU,2023-07-21,2023-08-18,2023-08-23
DRL01252,CNSHA,NLRTM,MSCU,2023-07-21,2023-08-23,2023-08-23
DRL01253,CNSHA,NLRTM,MAEU,2023-07-21,2023-08-25,2023-08-23
DRL01254,CNSHA,NLRTM,CMA,2023-07-21,2023-08-16,2023-08-23
DRL01255,CNSHA,NLRTM,MAEU,2023-07-22,2023-08-17,2023-08-24
DRL01256,CNSHA,NLRTM,MSCU,2023-07-23,2023-08-20,2023-08-25
DRL01257,CNSHA,NLRTM,CMA,2023-07-23,2023-08-15,2023-08-25
DRL01258,CNSHA,NLRTM,CMA,2023-07-23,2023-08-20,2023-08-25
DRL01259,CNSHA,NLRTM,MAEU,2023-07-23,2023-08-17,2023-08-25
DRL01260,CNSHA,NLRTM,MAEU,2023-07-24,2023-08-21,2023-08-26
DRL01261,CNSHA,NLRTM,MSCU,2023-07-24,2023-08-28,2023-08-26
DRL01262,CNSHA,NLRTM,MAEU,2023-07-24,2023-08-17,2023-08-26
DRL01263,CNSHA,NLRTM,CMA,2023-07-24,2023-08-20,2023-08-26
DRL01264,CNSHA,NLRTM,CMA,2023-07-24,2023-08-24,2023-08-26
DRL01265,CNSHA,NLRTM,CMA,2023-07-25,2023-08-25,2023-08-27
DRL01266,CNSHA,NLRTM,MSCU,2023-07-26,2023-08-17,2023-08-28
DRL01267,CNSHA,NLRTM,MAEU,2023-07-26,2023-08-24,2023-08-28
DRL01268,CNSHA,NLRTM,MSCU,2023-07-26,2023-08-27,2023-08-28
DRL01269,CNSHA,NLRTM,MAEU,2023-07-26,2023-08-27,2023-08-28
DRL01270,CNSHA,NLRTM,MAEU,2023-07-27,2023-08-29,2023-08-29
DRL01271,CNSHA,NLRTM,CMA,2023-07-28,2023-08-27,2023-08-30
DRL01272,CNSHA,NLRTM,MSCU,2023-07-28,2023-08-30,2023-08-30
DRL01273,CNSHA,NLRTM,MAEU,2023-07-29,2023-08-27,2023-08-31
DRL01274,CNSHA,NLRTM,MAEU,2023-07-29,2023-08-27,2023-08-31
DRL01275,CNSHA,NLRTM,CMA,2023-07-29,2023-08-31,2023-08-31
DRL01276,CNSHA,NLRTM,CMA,2023-07-31,2023-09-01,2023-09-02
DRL01277,CNSHA,NLRTM,MAEU,2023-07-31,2023-08-31,2023-09-02
DRL01278,CNSHA,NLRTM,CMA,2023-08-01,2023-09-02,2023-09-03
DRL01279,CNSHA,NLRTM,CMA,2023-08-01,2023-08-30,2023-09-03
DRL01280,CNSHA,NLRTM,MSCU,2023-08-02,2023-09-02,2023-09-04
DRL01281,CNSHA,NLRTM,CMA,2023-08-02,2023-09-04,2023-09-04
DRL01282,CNSHA,NLRTM,CMA,2023-08-02,2023-08-31,2023-09-04
DRL01283,CNSHA,NLRTM,MSCU,2023-08-03,2023-09-02,2023-09-05
DRL01284,CNSHA,NLRTM,MSCU,2023-08-03,2023-09-03,2023-09-05
DRL01285,CNSHA,NLRTM,MSCU,2023-08-03,2023-09-05,2023-09-05
DRL01286,CNSHA,NLRTM,MSCU,2023-08-04,2023-09-06,2023-09-06
DRL01287,CNSHA,NLRTM,MAEU,2023-08-04,2023-09-03,2023-09-06
DRL01288,CNSHA,NLRTM,CMA,2023-08-04,2023-09-08,2023-09-06
DRL01289,CNSHA,NLRTM,MSCU,2023-08-05,2023-09-01,2023-09-07
DRL01290,CNSHA,NLRTM,MAEU,2023-08-05,2023-09-03,2023-09-07
DRL01291,CNSHA,NLRTM,MSCU,2023-08-07,2023-09-07,2023-09-09
DRL01292,CNSHA,NLRTM,CMA,2023-08-07,2023-09-08,2023-09-09
DRL01293,CNSHA,NLRTM,MSCU,2023-08-08,2023-09-07,2023-09-10
DRL01294,CNSHA,NLRTM,MAEU,2023-08-08,2023-09-13,2023-09-10
DRL01295,CNSHA,NLRTM,CMA,2023-08-09,2023-09-12,2023-09-11
DRL01296,CNSHA,NLRTM,CMA,2023-08-09,2023-09-08,2023-09-11
DRL01297,CNSHA,NLRTM,CMA,2023-08-09,2023-09-02,2023-09-11
DRL01298,CNSHA,NLRTM,MSCU,2023-08-10,2023-09-12,2023-09-12
DRL01299,CNSHA,NLRTM,MAEU,2023-08-11,2023-09-13,2023-09-13
DRL01300,CNSHA,NLRTM,MSCU,2023-08-11,2023-09-11,2023-09-13
DRL01301,CNSHA,NLRTM,CMA,2023-08-12,2023-09-11,2023-09-14
DRL01302,CNSHA,NLRTM,MSCU,2023-08-13,2023-09-09,2023-09-15
DRL01303,CNSHA,NLRTM,MSCU,2023-08-13,2023-09-09,2023-09-15
DRL01304,CNSHA,NLRTM,MAEU,2023-08-13,2023-09-15,2023-09-15
DRL01305,CNSHA,NLRTM,CMA,2023-08-14,2023-09-13,2023-09-16
DRL01306,CNSHA,NLRTM,MSCU,2023-08-14,2023-09-17,2023-09-16
DRL01307,CNSHA,NLRTM,CMA,2023-08-14,2023-09-14,2023-09-16
DRL01308,CNSHA,NLRTM,CMA,2023-08-14,2023-09-14,2023-09-16
DRL01309,CNSHA,NLRTM,MSCU,2023-08-14,2023-09-13,2023-09-16
DRL01310,CNSHA,NLRTM,MSCU,2023-08-14,2023-09-11,2023-09-16
DRL01311,CNSHA,NLRTM,MSCU,2023-08-14,2023-09-10,2023-09-16
DRL01312,CNSHA,NLRTM,CMA,2023-08-15,2023-09-12,2023-09-17
DRL01313,CNSHA,NLRTM,MSCU,2023-08-15,2023-09-13,2023-09-17
DRL01314,CNSHA,NLRTM,MAEU,2023-08-16,2023-09-13,2023-09-18
DRL01315,CNSHA,NLRTM,MAEU,2023-08-17,2023-09-21,2023-09-19
DRL01316,CNSHA,NLRTM,CMA,2023-08-17,2023-09-16,2023-09-19
DRL01317,CNSHA,NLRTM,MAEU,2023-08-18,2023-09-18,2023-09-20
DRL01318,CNSHA,NLRTM,MSCU,2023-08-19,2023-09-18,2023-09-21
DRL01319,CNSHA,NLRTM,MSCU,2023-08-20,2023-09-20,2023-09-22
DRL01320,CNSHA,NLRTM,MAEU,2023-08-21,2023-09-16,2023-09-23
DRL01321,CNSHA,NLRTM,MSCU,2023-08-21,2023-09-18,2023-09-23
DRL01322,CNSHA,NLRTM,MSCU,2023-08-22,2023-09-25,2023-09-24
DRL01323,CNSHA,NLRTM,MSCU,2023-08-24,2023-09-20,2023-09-26
DRL01324,CNSHA,NLRTM,MSCU,2023-08-25,2023-09-27,2023-09-27
DRL01325,CNSHA,NLRTM,MAEU,2023-08-25,2023-09-27,2023-09-27
DRL01326,CNSHA,NLRTM,CMA,2023-08-25,2023-09-23,2023-09-27
DRL01327,CNSHA,NLRTM,MAEU,2023-08-25,2023-09-25,2023-09-27
DRL01328,CNSHA,NLRTM,MSCU,2023-08-26,2023-09-27,2023-09-28
DRL01329,CNSHA,NLRTM,MAEU,2023-08-26,2023-09-28,2023-09-28
DRL01330,CNSHA,NLRTM,MAEU,2023-08-26,2023-09-26,2023-09-28
DRL01331,CNSHA,NLRTM,CMA,2023-08-26,2023-09-21,2023-09-28
DRL01332,CNSHA,NLRTM,MSCU,2023-08-26,2023-10-03,2023-09-28
DRL01333,CNSHA,NLRTM,MSCU,2023-08-26,2023-10-03,2023-09-28
DRL01334,CNSHA,NLRTM,MSCU,2023-08-27,2023-09-25,2023-09-29
DRL01335,CNSHA,NLRTM,MSCU,2023-08-27,2023-09-26,2023-09-29
DRL01336,CNSHA,NLRTM,MAEU,2023-08-27,2023-09-25,2023-09-29
DRL01337,CNSHA,NLRTM,MSCU,2023-08-27,2023-09-29,2023-09-29
DRL01338,CNSHA,NLRTM,MSCU,2023-08-27,2023-09-24,2023-09-29
DRL01339,CNSHA,NLRTM,CMA,2023-08-28,2023-09-22,2023-09-30
DRL01340,CNSHA,NLRTM,MAEU,2023-08-28,2023-09-29,2023-09-30
DRL01341,CNSHA,NLRTM,CMA,2023-08-29,2023-10-03,2023-10-01
DRL01342,CNSHA,NLRTM,MSCU,2023-08-29,2023-09-28,2023-10-01
DRL01343,CNSHA,NLRTM,CMA,2023-08-30,2023-10-01,2023-10-02
DRL01344,CNSHA,NLRTM,MSCU,2023-08-31,2023-10-07,2023-10-03
DRL01345,CNSHA,NLRTM,MSCU,2023-09-01,2023-10-02,2023-10-04
DRL01346,CNSHA,NLRTM,CMA,2023-09-01,2023-09-29,2023-10-04
DRL01347,CNSHA,NLRTM,MSCU,2023-09-02,2023-10-05,2023-10-05
DRL01348,CNSHA,NLRTM,CMA,2023-09-02,2023-10-02,2023-10-05
DRL01349,CNSHA,NLRTM,MSCU,2023-09-03,2023-09-29,2023-10-06
DRL01350,CNSHA,NLRTM,MSCU,2023-09-04,2023-10-07,2023-10-07
DRL01351,CNSHA,NLRTM,MAEU,2023-09-04,2023-09-28,2023-10-07
DRL01352,CNSHA,NLRTM,MSCU,2023-09-05,2023-10-05,2023-10-08
DRL01353,CNSHA,NLRTM,MAEU,2023-09-05,2023-10-01,2023-10-08
DRL01354,CNSHA,NLRTM,MAEU,2023-09-07,2023-10-07,2023-10-10
DRL01355,CNSHA,NLRTM,MSCU,2023-09-08,2023-10-14,2023-10-11
DRL01356,CNSHA,NLRTM,MAEU,2023-09-09,2023-10-09,2023-10-12
DRL01357,CNSHA,NLRTM,CMA,2023-09-09,2023-10-11,2023-10-12
DRL01358,CNSHA,NLRTM,CMA,2023-09-10,2023-10-10,2023-10-13
DRL01359,CNSHA,NLRTM,CMA,2023-09-10,2023-10-12,2023-10-13
DRL01360,CNSHA,NLRTM,MSCU,2023-09-11,2023-10-14,2023-10-14
DRL01361,CNSHA,NLRTM,MSCU,2023-09-11,2023-10-10,2023-10-14
DRL01362,CNSHA,NLRTM,CMA,2023-09-12,2023-10-09,2023-10-15
DRL01363,CNSHA,NLRTM,MAEU,2023-09-12,2023-10-14,2023-10-15
DRL01364,CNSHA,NLRTM,CMA,2023-09-13,2023-10-11,2023-10-16
DRL01365,CNSHA,NLRTM,MAEU,2023-09-13,2023-10-14,2023-10-16
DRL01366,CNSHA,NLRTM,MAEU,2023-09-13,2023-10-11,2023-10-16
DRL01367,CNSHA,NLRTM,CMA,2023-09-13,2023-10-15,2023-10-16
DRL01368,CNSHA,NLRTM,MAEU,2023-09-13,2023-10-14,2023-10-16
DRL01369,CNSHA,NLRTM,CMA,2023-09-13,2023-10-11,2023-10-16
DRL01370,CNSHA,NLRTM,CMA,2023-09-14,2023-10-20,2023-10-17
DRL01371,CNSHA,NLRTM,MAEU,2023-09-14,2023-10-12,2023-10-17
DRL01372,CNSHA,NLRTM,MSCU,2023-09-15,2023-10-19,2023-10-18
DRL01373,CNSHA,NLRTM,MSCU,2023-09-15,2023-10-20,2023-10-18
DRL01374,CNSHA,NLRTM,MSCU,2023-09-15,2023-10-14,2023-10-18
DRL01375,CNSHA,NLRTM,MAEU,2023-09-15,2023-10-15,2023-10-18
DRL01376,CNSHA,NLRTM,CMA,2023-09-15,2023-10-10,2023-10-18
DRL01377,CNSHA,NLRTM,MAEU,2023-09-16,2023-10-18,2023-10-19
DRL01378,CNSHA,NLRTM,CMA,2023-09-16,2023-10-20,2023-10-19
DRL01379,CNSHA,NLRTM,MSCU,2023-09-16,2023-10-14,2023-10-19
DRL01380,CNSHA,NLRTM,MSCU,2023-09-17,2023-10-17,2023-10-20
DRL01381,CNSHA,NLRTM,CMA,2023-09-17,2023-10-14,2023-10-20
DRL01382,CNSHA,NLRTM,CMA,2023-09-18,2023-10-15,2023-10-21
DRL01383,CNSHA,NLRTM,MAEU,2023-09-18,2023-10-19,2023-10-21
DRL01384,CNSHA,NLRTM,MAEU,2023-09-19,2023-10-22,2023-10-22
DRL01385,CNSHA,NLRTM,MAEU,2023-09-20,2023-10-12,2023-10-23
DRL01386,CNSHA,NLRTM,MAEU,2023-09-21,2023-10-23,2023-10-24
DRL01387,CNSHA,NLRTM,CMA,2023-09-21,2023-10-19,2023-10-24
DRL01388,CNSHA,NLRTM,CMA,2023-09-22,2023-10-22,2023-10-25
DRL01389,CNSHA,NLRTM,CMA,2023-09-22,2023-10-23,2023-10-25
DRL01390,CNSHA,NLRTM,CMA,2023-09-22,2023-10-21,2023-10-25
DRL01391,CNSHA,NLRTM,MSCU,2023-09-23,2023-10-24,2023-10-26
DRL01392,CNSHA,NLRTM,MSCU,2023-09-23,2023-10-25,2023-10-26
DRL01393,CNSHA,NLRTM,CMA,2023-09-24,2023-10-30,2023-10-27
DRL01394,CNSHA,NLRTM,MSCU,2023-09-24,2023-10-27,2023-10-27
DRL01395,CNSHA,NLRTM,CMA,2023-09-25,2023-10-29,2023-10-28
DRL01396,CNSHA,NLRTM,MSCU,2023-09-26,2023-10-28,2023-10-29
DRL01397,CNSHA,NLRTM,MAEU,2023-09-26,2023-10-25,2023-10-29
DRL01398,CNSHA,NLRTM,CMA,2023-09-26,2023-10-25,2023-10-29
DRL01399,CNSHA,NLRTM,CMA,2023-09-27,2023-10-28,2023-10-30
DRL01400,CNSHA,NLRTM,MSCU,2023-09-27,2023-10-29,2023-10-30
DRL01401,CNSHA,NLRTM,CMA,2023-09-27,2023-10-27,2023-10-30
DRL01402,CNSHA,NLRTM,MAEU,2023-09-27,2023-10-26,2023-10-30
DRL01403,CNSHA,NLRTM,MAEU,2023-09-27,2023-10-29,2023-10-30
DRL01404,CNSHA,NLRTM,MAEU,2023-09-27,2023-10-31,2023-10-30
DRL01405,CNSHA,NLRTM,CMA,2023-09-28,2023-10-28,2023-10-31
DRL01406,CNSHA,NLRTM,MAEU,2023-09-29,2023-10-29,2023-11-01
DRL01407,CNSHA,NLRTM,MSCU,2023-09-29,2023-10-31,2023-11-01
DRL01408,CNSHA,NLRTM,MAEU,2023-09-30,2023-10-27,2023-11-02
DRL01409,CNSHA,NLRTM,MSCU,2023-09-30,2023-11-04,2023-11-02
DRL01410,CNSHA,NLRTM,MSCU,2023-10-01,2023-10-29,2023-11-03
DRL01411,CNSHA,NLRTM,CMA,2023-10-01,2023-11-02,2023-11-03
DRL01412,CNSHA,NLRTM,MSCU,2023-10-01,2023-10-31,2023-11-03
DRL01413,CNSHA,NLRTM,MSCU,2023-10-02,2023-11-06,2023-11-04
DRL01414,CNSHA,NLRTM,CMA,2023-10-02,2023-10-29,2023-11-04
DRL01415,CNSHA,NLRTM,MSCU,2023-10-02,2023-11-01,2023-11-04
DRL01416,CNSHA,NLRTM,MSCU,2023-10-02,2023-10-31,2023-11-04
DRL01417,CNSHA,NLRTM,MAEU,2023-10-03,2023-11-02,2023-11-05
DRL01418,CNSHA,NLRTM,CMA,2023-10-04,2023-11-03,2023-11-06
DRL01419,CNSHA,NLRTM,MSCU,2023-10-04,2023-11-03,2023-11-06
DRL01420,CNSHA,NLRTM,MSCU,2023-10-05,2023-11-08,2023-11-07
DRL01421,CNSHA,NLRTM,CMA,2023-10-07,2023-11-08,2023-11-09
DRL01422,CNSHA,NLRTM,MSCU,2023-10-07,2023-11-06,2023-11-09
DRL01423,CNSHA,NLRTM,CMA,2023-10-08,2023-11-10,2023-11-10
DRL01424,CNSHA,NLRTM,CMA,2023-10-09,2023-11-04,2023-11-11
DRL01425,CNSHA,NLRTM,CMA,2023-10-09,2023-11-07,2023-11-11
DRL01426,CNSHA,NLRTM,MSCU,2023-10-09,2023-11-11,2023-11-11
DRL01427,CNSHA,NLRTM,MSCU,2023-10-09,2023-11-05,2023-11-11
DRL01428,CNSHA,NLRTM,MAEU,2023-10-09,2023-11-06,2023-11-11
DRL01429,CNSHA,NLRTM,MAEU,2023-10-09,2023-11-08,2023-11-11
DRL01430,CNSHA,NLRTM,MAEU,2023-10-10,2023-11-05,2023-11-12
DRL01431,CNSHA,NLRTM,MAEU,2023-10-10,2023-11-02,2023-11-12
DRL01432,CNSHA,NLRTM,CMA,2023-10-10,2023-11-10,2023-11-12
DRL01433,CNSHA,NLRTM,CMA,2023-10-10,2023-11-04,2023-11-12
DRL01434,CNSHA,NLRTM,CMA,2023-10-10,2023-11-12,2023-11-12
DRL01435,CNSHA,NLRTM,MSCU,2023-10-10,2023-11-05,2023-11-12
DRL01436,CNSHA,NLRTM,MAEU,2023-10-12,2023-11-16,2023-11-14
DRL01437,CNSHA,NLRTM,MSCU,2023-10-13,2023-11-12,2023-11-15
DRL01438,CNSHA,NLRTM,MAEU,2023-10-13,2023-11-11,2023-11-15
DRL01439,CNSHA,NLRTM,CMA,2023-10-13,2023-11-10,2023-11-15
DRL01440,CNSHA,NLRTM,MSCU,2023-10-13,2023-11-14,2023-11-15
DRL01441,CNSHA,NLRTM,MAEU,2023-10-14,2023-11-13,2023-11-16
DRL01442,CNSHA,NLRTM,MSCU,2023-10-14,2023-11-12,2023-11-16
DRL01443,CNSHA,NLRTM,MAEU,2023-10-15,2023-11-09,2023-11-17
DRL01444,CNSHA,NLRTM,CMA,2023-10-15,2023-11-16,2023-11-17
DRL01445,CNSHA,NLRTM,MAEU,2023-10-15,2023-11-14,2023-11-17
DRL01446,CNSHA,NLRTM,CMA,2023-10-15,2023-11-17,2023-11-17
DRL01447,CNSHA,NLRTM,MAEU,2023-10-15,2023-11-17,2023-11-17
DRL01448,CNSHA,NLRTM,CMA,2023-10-15,2023-11-15,2023-11-17
DRL01449,CNSHA,NLRTM,CMA,2023-10-16,2023-11-11,2023-11-18
DRL01450,CNSHA,NLRTM,MAEU,2023-10-16,2023-11-11,2023-11-18
DRL01451,CNSHA,NLRTM,CMA,2023-10-17,2023-11-13,2023-11-19
DRL01452,CNSHA,NLRTM,MAEU,2023-10-17,2023-11-13,2023-11-19
DRL01453,CNSHA,NLRTM,CMA,2023-10-18,2023-11-12,2023-11-20
DRL01454,CNSHA,NLRTM,CMA,2023-10-19,2023-11-19,2023-11-21
DRL01455,CNSHA,NLRTM,MSCU,2023-10-19,2023-11-18,2023-11-21
DRL01456,CNSHA,NLRTM,MSCU,2023-10-20,2023-11-14,2023-11-22
DRL01457,CNSHA,NLRTM,CMA,2023-10-20,2023-11-18,2023-11-22
DRL01458,CNSHA,NLRTM,MAEU,2023-10-20,2023-11-21,2023-11-22
DRL01459,CNSHA,NLRTM,MSCU,2023-10-20,2023-11-22,2023-11-22
DRL01460,CNSHA,NLRTM,MAEU,2023-10-21,2023-11-21,2023-11-23
DRL01461,CNSHA,NLRTM,MAEU,2023-10-21,2023-11-19,2023-11-23
DRL01462,CNSHA,NLRTM,CMA,2023-10-21,2023-11-20,2023-11-23
DRL01463,CNSHA,NLRTM,CMA,2023-10-22,2023-11-25,2023-11-24
DRL01464,CNSHA,NLRTM,MSCU,2023-10-23,2023-11-24,2023-11-25
DRL01465,CNSHA,NLRTM,CMA,2023-10-23,2023-11-23,2023-11-25
DRL01466,CNSHA,NLRTM,MSCU,2023-10-23,2023-11-14,2023-11-25
DRL01467,CNSHA,NLRTM,CMA,2023-10-23,2023-11-21,2023-11-25
DRL01468,CNSHA,NLRTM,CMA,2023-10-24,2023-11-24,2023-11-26
DRL01469,CNSHA,NLRTM,MAEU,2023-10-24,2023-11-27,2023-11-26
DRL01470,CNSHA,NLRTM,CMA,2023-10-25,2023-11-23,2023-11-27
DRL01471,CNSHA,NLRTM,MSCU,2023-10-25,2023-11-26,2023-11-27
DRL01472,CNSHA,NLRTM,MAEU,2023-10-26,2023-11-28,2023-11-28
DRL01473,CNSHA,NLRTM,MSCU,2023-10-27,2023-11-27,2023-11-29
DRL01474,CNSHA,NLRTM,MAEU,2023-10-27,2023-11-27,2023-11-29
DRL01475,CNSHA,NLRTM,MSCU,2023-10-28,2023-11-26,2023-11-30
DRL01476,CNSHA,NLRTM,CMA,2023-10-28,2023-11-28,2023-11-30
DRL01477,CNSHA,NLRTM,MAEU,2023-10-29,2023-11-29,2023-12-01
DRL01478,CNSHA,NLRTM,CMA,2023-10-29,2023-12-02,2023-12-01
DRL01479,CNSHA,NLRTM,CMA,2023-10-30,2023-11-23,2023-12-02
DRL01480,CNSHA,NLRTM,CMA,2023-10-30,2023-11-30,2023-12-02
DRL01481,CNSHA,NLRTM,MSCU,2023-10-31,2023-12-04,2023-12-03
DRL01482,CNSHA,NLRTM,MAEU,2023-11-02,2023-11-28,2023-12-05
DRL01483,CNSHA,NLRTM,CMA,2023-11-02,2023-11-29,2023-12-05
DRL01484,CNSHA,NLRTM,CMA,2023-11-03,2023-12-07,2023-12-06
DRL01485,CNSHA,NLRTM,CMA,2023-11-03,2023-12-04,2023-12-06
DRL01486,CNSHA,NLRTM,CMA,2023-11-03,2023-11-30,2023-12-06
DRL01487,CNSHA,NLRTM,CMA,2023-11-03,2023-11-29,2023-12-06
DRL01488,CNSHA,NLRTM,CMA,2023-11-03,2023-12-04,2023-12-06
DRL01489,CNSHA,NLRTM,CMA,2023-11-04,2023-12-07,2023-12-07
DRL01490,CNSHA,NLRTM,MSCU,2023-11-04,2023-12-06,2023-12-07
DRL01491,CNSHA,NLRTM,MAEU,2023-11-04,2023-12-08,2023-12-07
DRL01492,CNSHA,NLRTM,MSCU,2023-11-04,2023-12-10,2023-12-07
DRL01493,CNSHA,NLRTM,MSCU,2023-11-04,2023-12-05,2023-12-07
DRL01494,CNSHA,NLRTM,MSCU,2023-11-05,2023-12-05,2023-12-08
DRL01495,CNSHA,NLRTM,MSCU,2023-11-06,2023-12-03,2023-12-09
DRL01496,CNSHA,NLRTM,CMA,2023-11-07,2023-12-06,2023-12-10
DRL01497,CNSHA,NLRTM,MAEU,2023-11-07,2023-12-01,2023-12-10
DRL01498,CNSHA,NLRTM,CMA,2023-11-07,2023-12-07,2023-12-10
DRL01499,CNSHA,NLRTM,CMA,2023-11-07,2023-12-08,2023-12-10
DRL01500,CNSHA,NLRTM,CMA,2023-11-08,2023-12-09,2023-12-11
DRL01501,CNSHA,NLRTM,MSCU,2023-11-09,2023-12-13,2023-12-12
DRL01502,CNSHA,NLRTM,MAEU,2023-11-09,2023-12-10,2023-12-12
DRL01503,CNSHA,NLRTM,MAEU,2023-11-10,2023-12-13,2023-12-13
DRL01504,CNSHA,NLRTM,CMA,2023-11-10,2023-12-09,2023-12-13
DRL01505,CNSHA,NLRTM,MAEU,2023-11-10,2023-12-08,2023-12-13
DRL01506,CNSHA,NLRTM,CMA,2023-11-11,2023-12-13,2023-12-14
DRL01507,CNSHA,NLRTM,MSCU,2023-11-11,2023-12-12,2023-12-14
DRL01508,CNSHA,NLRTM,MSCU,2023-11-11,2023-12-09,2023-12-14
DRL01509,CNSHA,NLRTM,CMA,2023-11-11,2023-12-11,2023-12-14
DRL01510,CNSHA,NLRTM,MSCU,2023-11-11,2023-12-16,2023-12-14
DRL01511,CNSHA,NLRTM,MAEU,2023-11-11,2023-12-15,2023-12-14
DRL01512,CNSHA,NLRTM,CMA,2023-11-12,2023-12-14,2023-12-15
DRL01513,CNSHA,NLRTM,CMA,2023-11-12,2023-12-08,2023-12-15
DRL01514,CNSHA,NLRTM,CMA,2023-11-13,2023-12-12,2023-12-16
DRL01515,CNSHA,NLRTM,CMA,2023-11-14,2023-12-12,2023-12-17
DRL01516,CNSHA,NLRTM,CMA,2023-11-16,2023-12-18,2023-12-19
DRL01517,CNSHA,NLRTM,MAEU,2023-11-16,2023-12-13,2023-12-19
DRL01518,CNSHA,NLRTM,MAEU,2023-11-16,2023-12-18,2023-12-19
DRL01519,CNSHA,NLRTM,MSCU,2023-11-16,2023-12-16,2023-12-19
DRL01520,CNSHA,NLRTM,CMA,2023-11-17,2023-12-15,2023-12-20
DRL01521,CNSHA,NLRTM,MSCU,2023-11-17,2023-12-14,2023-12-20
DRL01522,CNSHA,NLRTM,CMA,2023-11-17,2023-12-19,2023-12-20
DRL01523,CNSHA,NLRTM,MSCU,2023-11-18,2023-12-19,2023-12-21
DRL01524,CNSHA,NLRTM,CMA,2023-11-18,2023-12-18,2023-12-21
DRL01525,CNSHA,NLRTM,MSCU,2023-11-18,2023-12-11,2023-12-21
DRL01526,CNSHA,NLRTM,MAEU,2023-11-19,2023-12-17,2023-12-22
DRL01527,CNSHA,NLRTM,CMA,2023-11-19,2023-12-21,2023-12-22
DRL01528,CNSHA,NLRTM,MAEU,2023-11-19,2023-12-23,2023-12-22
DRL01529,CNSHA,NLRTM,CMA,2023-11-19,2023-12-22,2023-12-22
DRL01530,CNSHA,NLRTM,MAEU,2023-11-20,2023-12-26,2023-12-23
DRL01531,CNSHA,NLRTM,CMA,2023-11-20,2023-12-22,2023-12-23
DRL01532,CNSHA,NLRTM,CMA,2023-11-20,2023-12-19,2023-12-23
DRL01533,CNSHA,NLRTM,MAEU,2023-11-21,2023-12-18,2023-12-24
DRL01534,CNSHA,NLRTM,MSCU,2023-11-21,2023-12-24,2023-12-24
DRL01535,CNSHA,NLRTM,CMA,2023-11-22,2023-12-21,2023-12-25
DRL01536,CNSHA,NLRTM,MAEU,2023-11-23,2023-12-23,2023-12-26
DRL01537,CNSHA,NLRTM,MSCU,2023-11-23,2023-12-25,2023-12-26
DRL01538,CNSHA,NLRTM,MAEU,2023-11-25,2023-12-24,2023-12-28
DRL01539,CNSHA,NLRTM,CMA,2023-11-25,2023-12-26,2023-12-28
DRL01540,CNSHA,NLRTM,MSCU,2023-11-27,2023-12-25,2023-12-30
DRL01541,CNSHA,NLRTM,CMA,2023-11-27,2023-12-30,2023-12-30
DRL01542,CNSHA,NLRTM,MSCU,2023-11-27,2023-12-24,2023-12-30
DRL01543,CNSHA,NLRTM,MAEU,2023-11-28,2023-12-29,2023-12-31
DRL01544,CNSHA,NLRTM,MAEU,2023-11-29,2023-12-23,2024-01-01
DRL01545,CNSHA,NLRTM,CMA,2023-11-29,2023-12-26,2024-01-01
DRL01546,CNSHA,NLRTM,MAEU,2023-11-29,2024-01-02,2024-01-01
DRL01547,CNSHA,NLRTM,CMA,2023-11-30,2023-12-28,2024-01-02
DRL01548,CNSHA,NLRTM,CMA,2023-11-30,2023-12-31,2024-01-02
DRL01549,CNSHA,NLRTM,CMA,2023-11-30,2023-12-29,2024-01-02
DRL01550,CNSHA,NLRTM,MSCU,2023-11-30,2023-12-29,2024-01-02
DRL01551,CNSHA,NLRTM,CMA,2023-11-30,2024-01-02,2024-01-02
DRL01552,CNSHA,NLRTM,CMA,2023-12-01,2023-12-28,2024-01-03
DRL01553,CNSHA,NLRTM,MSCU,2023-12-03,2024-01-05,2024-01-05
DRL01554,CNSHA,NLRTM,MSCU,2023-12-03,2024-01-02,2024-01-05
DRL01555,CNSHA,NLRTM,MSCU,2023-12-04,2024-01-03,2024-01-06
DRL01556,CNSHA,NLRTM,MAEU,2023-12-04,2024-01-07,2024-01-06
DRL01557,CNSHA,NLRTM,CMA,2023-12-05,2024-01-05,2024-01-07
DRL01558,CNSHA,NLRTM,CMA,2023-12-05,2024-01-02,2024-01-07
DRL01559,CNSHA,NLRTM,CMA,2023-12-05,2024-01-10,2024-01-07
DRL01560,CNSHA,NLRTM,MAEU,2023-12-06,2024-01-04,2024-01-08
DRL01561,CNSHA,NLRTM,MAEU,2023-12-06,2024-01-06,2024-01-08
DRL01562,CNSHA,NLRTM,MSCU,2023-12-08,2024-01-13,2024-01-10
DRL01563,CNSHA,NLRTM,MAEU,2023-12-08,2024-01-09,2024-01-10
DRL01564,CNSHA,NLRTM,CMA,2023-12-08,2024-01-09,2024-01-10
DRL01565,CNSHA,NLRTM,MAEU,2023-12-09,2024-01-11,2024-01-11
DRL01566,CNSHA,NLRTM,MSCU,2023-12-09,2024-01-10,2024-01-11
DRL01567,CNSHA,NLRTM,CMA,2023-12-09,2024-01-13,2024-01-11
DRL01568,CNSHA,NLRTM,MAEU,2023-12-09,2024-01-04,2024-01-11
DRL01569,CNSHA,NLRTM,CMA,2023-12-09,2024-01-09,2024-01-11
DRL01570,CNSHA,NLRTM,MAEU,2023-12-11,2024-01-10,2024-01-13
DRL01571,CNSHA,NLRTM,MAEU,2023-12-11,2024-01-11,2024-01-13
DRL01572,CNSHA,NLRTM,MSCU,2023-12-11,2024-01-11,2024-01-13
DRL01573,CNSHA,NLRTM,MSCU,2023-12-12,2024-01-10,2024-01-14
DRL01574,CNSHA,NLRTM,CMA,2023-12-12,2024-01-12,2024-01-14
DRL01575,CNSHA,NLRTM,MSCU,2023-12-13,2024-01-15,2024-01-15
DRL01576,CNSHA,NLRTM,CMA,2023-12-15,2024-01-16,2024-01-17
DRL01577,CNSHA,NLRTM,MSCU,2023-12-15,2024-01-20,2024-01-17
DRL01578,CNSHA,NLRTM,MSCU,2023-12-16,2024-01-13,2024-01-18
DRL01579,CNSHA,NLRTM,MSCU,2023-12-16,2024-01-16,2024-01-18
DRL01580,CNSHA,NLRTM,MSCU,2023-12-16,2024-01-16,2024-01-18
DRL01581,CNSHA,NLRTM,CMA,2023-12-17,2024-01-17,2024-01-19
DRL01582,CNSHA,NLRTM,CMA,2023-12-17,2024-01-17,2024-01-19
DRL01583,CNSHA,NLRTM,MAEU,2023-12-18,2024-01-19,2024-01-20
DRL01584,CNSHA,NLRTM,MSCU,2023-12-19,2024-01-25,2024-01-21
DRL01585,CNSHA,NLRTM,MAEU,2023-12-19,2024-01-22,2024-01-21
DRL01586,CNSHA,NLRTM,MAEU,2023-12-19,2024-01-18,2024-01-21
DRL01587,CNSHA,NLRTM,MSCU,2023-12-20,2024-01-21,2024-01-22
DRL01588,CNSHA,NLRTM,MAEU,2023-12-20,2024-01-23,2024-01-22
DRL01589,CNSHA,NLRTM,MAEU,2023-12-21,2024-01-23,2024-01-23
DRL01590,CNSHA,NLRTM,MAEU,2023-12-21,2024-01-19,2024-01-23
DRL01591,CNSHA,NLRTM,CMA,2023-12-22,2024-01-22,2024-01-24
DRL01592,CNSHA,NLRTM,MAEU,2023-12-22,2024-01-20,2024-01-24
DRL01593,CNSHA,NLRTM,MSCU,2023-12-23,2024-01-20,2024-01-25
DRL01594,CNSHA,NLRTM,MAEU,2023-12-24,2024-01-20,2024-01-26
DRL01595,CNSHA,NLRTM,MSCU,2023-12-25,2024-01-24,2024-01-27
DRL01596,CNSHA,NLRTM,MAEU,2023-12-25,2024-01-19,2024-01-27
DRL01597,CNSHA,NLRTM,CMA,2023-12-25,2024-01-26,2024-01-27
DRL01598,CNSHA,NLRTM,CMA,2023-12-26,2024-01-26,2024-01-28
DRL01599,CNSHA,NLRTM,MAEU,2023-12-26,2024-01-23,2024-01-28
DRL01600,CNSHA,NLRTM,MAEU,2023-12-27,2024-01-28,2024-01-29
DRL01601,CNSHA,NLRTM,MSCU,2023-12-27,2024-01-23,2024-01-29
DRL01602,CNSHA,NLRTM,MSCU,2023-12-28,2024-01-19,2024-01-30
DRL01603,CNSHA,NLRTM,MAEU,2023-12-28,2024-01-30,2024-01-30
DRL01604,CNSHA,NLRTM,CMA,2023-12-28,2024-01-29,2024-01-30
DRL01605,CNSHA,NLRTM,CMA,2023-12-29,2024-01-31,2024-01-31
DRL01606,CNSHA,NLRTM,MAEU,2023-12-29,2024-01-22,2024-01-31
DRL01607,CNSHA,NLRTM,MSCU,2023-12-30,2024-01-29,2024-02-01
DRL01608,CNSHA,NLRTM,MSCU,2023-12-30,2024-01-27,2024-02-01
DRL01609,CNSHA,NLRTM,MAEU,2023-12-31,2024-01-31,2024-02-02
DRL01610,CNSHA,NLRTM,MAEU,2024-01-01,2024-02-01,2024-02-03
DRL01611,CNSHA,NLRTM,MSCU,2024-01-01,2024-02-01,2024-02-03
DRL01612,CNSHA,NLRTM,CMA,2024-01-02,2024-01-29,2024-02-04
DRL01613,CNSHA,NLRTM,MSCU,2024-01-03,2024-02-01,2024-02-05
DRL01614,CNSHA,NLRTM,MSCU,2024-01-03,2024-02-08,2024-02-05
DRL01615,CNSHA,NLRTM,MSCU,2024-01-03,2024-02-02,2024-02-05
DRL01616,CNSHA,NLRTM,MSCU,2024-01-03,2024-02-03,2024-02-05
DRL01617,CNSHA,NLRTM,MAEU,2024-01-04,2024-02-01,2024-02-06
DRL01618,CNSHA,NLRTM,CMA,2024-01-04,2024-02-04,2024-02-06
DRL01619,CNSHA,NLRTM,MSCU,2024-01-06,2024-02-09,2024-02-08
DRL01620,CNSHA,NLRTM,MSCU,2024-01-06,2024-02-06,2024-02-08
DRL01621,CNSHA,NLRTM,MAEU,2024-01-06,2024-02-07,2024-02-08
DRL01622,CNSHA,NLRTM,CMA,2024-01-06,2024-02-04,2024-02-08
DRL01623,CNSHA,NLRTM,MAEU,2024-01-07,2024-02-09,2024-02-09
DRL01624,CNSHA,NLRTM,MSCU,2024-01-07,2024-02-07,2024-02-09
DRL01625,CNSHA,NLRTM,MAEU,2024-01-08,2024-02-04,2024-02-10
DRL01626,CNSHA,NLRTM,CMA,2024-01-09,2024-02-10,2024-02-11
DRL01627,CNSHA,NLRTM,MAEU,2024-01-10,2024-02-09,2024-02-12
DRL01628,CNSHA,NLRTM,CMA,2024-01-10,2024-02-16,2024-02-12
DRL01629,CNSHA,NLRTM,MSCU,2024-01-11,2024-02-09,2024-02-13
DRL01630,CNSHA,NLRTM,CMA,2024-01-12,2024-02-11,2024-02-14
DRL01631,CNSHA,NLRTM,MSCU,2024-01-12,2024-02-12,2024-02-14
DRL01632,CNSHA,NLRTM,CMA,2024-01-12,2024-02-10,2024-02-14
DRL01633,CNSHA,NLRTM,MAEU,2024-01-13,2024-02-16,2024-02-15
DRL01634,CNSHA,NLRTM,CMA,2024-01-14,2024-02-05,2024-02-16
DRL01635,CNSHA,NLRTM,MAEU,2024-01-14,2024-02-18,2024-02-16
DRL01636,CNSHA,NLRTM,MSCU,2024-01-15,2024-02-18,2024-02-17
DRL01637,CNSHA,NLRTM,MSCU,2024-01-15,2024-02-13,2024-02-17
DRL01638,CNSHA,NLRTM,MAEU,2024-01-15,2024-02-16,2024-02-17
DRL01639,CNSHA,NLRTM,MAEU,2024-01-16,2024-02-15,2024-02-18
DRL01640,CNSHA,NLRTM,MAEU,2024-01-16,2024-02-13,2024-02-18
DRL01641,CNSHA,NLRTM,MSCU,2024-01-16,2024-02-11,2024-02-18
DRL01642,CNSHA,NLRTM,CMA,2024-01-17,2024-02-13,2024-02-19
DRL01643,CNSHA,NLRTM,CMA,2024-01-17,2024-02-17,2024-02-19
DRL01644,CNSHA,NLRTM,MAEU,2024-01-17,2024-02-12,2024-02-19
DRL01645,CNSHA,NLRTM,MAEU,2024-01-18,2024-02-15,2024-02-20
DRL01646,CNSHA,NLRTM,MSCU,2024-01-18,2024-02-17,2024-02-20
DRL01647,CNSHA,NLRTM,MSCU,2024-01-19,2024-02-20,2024-02-21
DRL01648,CNSHA,NLRTM,CMA,2024-01-19,2024-02-17,2024-02-21
DRL01649,CNSHA,NLRTM,MAEU,2024-01-20,2024-02-23,2024-02-22
DRL01650,CNSHA,NLRTM,CMA,2024-01-20,2024-02-21,2024-02-22
DRL01651,CNSHA,NLRTM,CMA,2024-01-20,2024-02-22,2024-02-22
DRL01652,CNSHA,NLRTM,MSCU,2024-01-21,2024-02-19,2024-02-23
DRL01653,CNSHA,NLRTM,MAEU,2024-01-21,2024-02-22,2024-02-23
DRL01654,CNSHA,NLRTM,MSCU,2024-01-21,2024-02-19,2024-02-23
DRL01655,CNSHA,NLRTM,MAEU,2024-01-22,2024-02-21,2024-02-24
DRL01656,CNSHA,NLRTM,MAEU,2024-01-23,2024-02-20,2024-02-25
DRL01657,CNSHA,NLRTM,CMA,2024-01-23,2024-02-25,2024-02-25
DRL01658,CNSHA,NLRTM,CMA,2024-01-23,2024-02-21,2024-02-25
DRL01659,CNSHA,NLRTM,MAEU,2024-01-23,2024-02-15,2024-02-25
DRL01660,CNSHA,NLRTM,MSCU,2024-01-24,2024-02-24,2024-02-26
DRL01661,CNSHA,NLRTM,CMA,2024-01-25,2024-02-24,2024-02-27
DRL01662,CNSHA,NLRTM,MSCU,2024-01-26,2024-02-19,2024-02-28
DRL01663,CNSHA,NLRTM,CMA,2024-01-26,2024-02-26,2024-02-28
DRL01664,CNSHA,NLRTM,MSCU,2024-01-26,2024-02-26,2024-02-28
DRL01665,CNSHA,NLRTM,MAEU,2024-01-26,2024-02-28,2024-02-28
DRL01666,CNSHA,NLRTM,MAEU,2024-01-26,2024-02-29,2024-02-28
DRL01667,CNSHA,NLRTM,MAEU,2024-01-27,2024-02-19,2024-02-29
DRL01668,CNSHA,NLRTM,CMA,2024-01-27,2024-02-22,2024-02-29
DRL01669,CNSHA,NLRTM,CMA,2024-01-28,2024-03-01,2024-03-01
DRL01670,CNSHA,NLRTM,MAEU,2024-01-28,2024-02-26,2024-03-01
DRL01671,CNSHA,NLRTM,CMA,2024-01-28,2024-02-24,2024-03-01
DRL01672,CNSHA,NLRTM,MSCU,2024-01-28,2024-02-26,2024-03-01
DRL01673,CNSHA,NLRTM,MAEU,2024-01-29,2024-02-24,2024-03-02
DRL01674,CNSHA,NLRTM,CMA,2024-01-29,2024-02-23,2024-03-02
DRL01675,CNSHA,NLRTM,MSCU,2024-01-29,2024-02-25,2024-03-02
DRL01676,CNSHA,NLRTM,CMA,2024-01-29,2024-03-04,2024-03-02
DRL01677,CNSHA,NLRTM,CMA,2024-01-29,2024-02-29,2024-03-02
DRL01678,CNSHA,NLRTM,MSCU,2024-01-30,2024-02-29,2024-03-03
DRL01679,CNSHA,NLRTM,MAEU,2024-01-31,2024-02-26,2024-03-04
DRL01680,CNSHA,NLRTM,MAEU,2024-01-31,2024-03-04,2024-03-04
DRL01681,CNSHA,NLRTM,MSCU,2024-02-01,2024-03-04,2024-03-05
DRL01682,CNSHA,NLRTM,MSCU,2024-02-01,2024-03-04,2024-03-05
DRL01683,CNSHA,NLRTM,CMA,2024-02-01,2024-03-01,2024-03-05
DRL01684,CNSHA,NLRTM,MAEU,2024-02-01,2024-02-29,2024-03-05
DRL01685,CNSHA,NLRTM,MAEU,2024-02-01,2024-03-02,2024-03-05
DRL01686,CNSHA,NLRTM,CMA,2024-02-02,2024-03-03,2024-03-06
DRL01687,CNSHA,NLRTM,MSCU,2024-02-02,2024-03-05,2024-03-06
DRL01688,CNSHA,NLRTM,MAEU,2024-02-03,2024-03-01,2024-03-07
DRL01689,CNSHA,NLRTM,CMA,2024-02-04,2024-03-06,2024-03-08
DRL01690,CNSHA,NLRTM,MAEU,2024-02-04,2024-03-08,2024-03-08
DRL01691,CNSHA,NLRTM,MSCU,2024-02-05,2024-03-08,2024-03-09
DRL01692,CNSHA,NLRTM,CMA,2024-02-05,2024-03-09,2024-03-09
DRL01693,CNSHA,NLRTM,CMA,2024-02-06,2024-03-06,2024-03-10
DRL01694,CNSHA,NLRTM,MSCU,2024-02-06,2024-03-12,2024-03-10
DRL01695,CNSHA,NLRTM,MSCU,2024-02-07,2024-03-04,2024-03-11
DRL01696,CNSHA,NLRTM,CMA,2024-02-07,2024-03-07,2024-03-11
DRL01697,CNSHA,NLRTM,MAEU,2024-02-08,2024-03-10,2024-03-12
DRL01698,CNSHA,NLRTM,MSCU,2024-02-08,2024-03-10,2024-03-12
DRL01699,CNSHA,NLRTM,MAEU,2024-02-08,2024-03-09,2024-03-12
DRL01700,CNSHA,NLRTM,CMA,2024-02-09,2024-03-08,2024-03-13
DRL01701,CNSHA,NLRTM,MSCU,2024-02-10,2024-03-11,2024-03-14
DRL01702,CNSHA,NLRTM,CMA,2024-02-10,2024-03-15,2024-03-14
DRL01703,CNSHA,NLRTM,MAEU,2024-02-11,2024-03-10,2024-03-15
DRL01704,CNSHA,NLRTM,MSCU,2024-02-12,2024-03-10,2024-03-16
DRL01705,CNSHA,NLRTM,MAEU,2024-02-12,2024-03-12,2024-03-16
DRL01706,CNSHA,NLRTM,MAEU,2024-02-12,2024-03-13,2024-03-16
DRL01707,CNSHA,NLRTM,CMA,2024-02-12,2024-03-10,2024-03-16
DRL01708,CNSHA,NLRTM,CMA,2024-02-12,2024-03-12,2024-03-16
DRL01709,CNSHA,NLRTM,MSCU,2024-02-13,2024-03-16,2024-03-17
DRL01710,CNSHA,NLRTM,MAEU,2024-02-13,2024-03-16,2024-03-17
DRL01711,CNSHA,NLRTM,MSCU,2024-02-13,2024-03-12,2024-03-17
DRL01712,CNSHA,NLRTM,MAEU,2024-02-13,2024-03-12,2024-03-17
DRL01713,CNSHA,NLRTM,MSCU,2024-02-13,2024-03-15,2024-03-17
DRL01714,CNSHA,NLRTM,MSCU,2024-02-14,2024-03-18,2024-03-18
DRL01715,CNSHA,NLRTM,MAEU,2024-02-14,2024-03-17,2024-03-18
DRL01716,CNSHA,NLRTM,MAEU,2024-02-14,2024-03-10,2024-03-18
DRL01717,CNSHA,NLRTM,MAEU,2024-02-14,2024-03-13,2024-03-18
DRL01718,CNSHA,NLRTM,MAEU,2024-02-15,2024-03-18,2024-03-19
DRL01719,CNSHA,NLRTM,CMA,2024-02-15,2024-03-18,2024-03-19
DRL01720,CNSHA,NLRTM,MAEU,2024-02-15,2024-03-25,2024-03-19
DRL01721,CNSHA,NLRTM,MSCU,2024-02-15,2024-03-18,2024-03-19
DRL01722,CNSHA,NLRTM,CMA,2024-02-15,2024-03-14,2024-03-19
DRL01723,CNSHA,NLRTM,MAEU,2024-02-15,2024-03-11,2024-03-19
DRL01724,CNSHA,NLRTM,CMA,2024-02-16,2024-03-13,2024-03-20
DRL01725,CNSHA,NLRTM,CMA,2024-02-16,2024-03-17,2024-03-20
DRL01726,CNSHA,NLRTM,CMA,2024-02-17,2024-03-22,2024-03-21
DRL01727,CNSHA,NLRTM,CMA,2024-02-18,2024-03-18,2024-03-22
DRL01728,CNSHA,NLRTM,MAEU,2024-02-18,2024-03-17,2024-03-22
DRL01729,CNSHA,NLRTM,MSCU,2024-02-18,2024-03-24,2024-03-22
DRL01730,CNSHA,NLRTM,CMA,2024-02-19,2024-03-19,2024-03-23
DRL01731,CNSHA,NLRTM,MSCU,2024-02-20,2024-03-23,2024-03-24
DRL01732,CNSHA,NLRTM,MAEU,2024-02-20,2024-03-23,2024-03-24
DRL01733,CNSHA,NLRTM,CMA,2024-02-20,2024-03-25,2024-03-24
DRL01734,CNSHA,NLRTM,MAEU,2024-02-20,2024-03-18,2024-03-24
DRL01735,CNSHA,NLRTM,MAEU,2024-02-21,2024-03-21,2024-03-25
DRL01736,CNSHA,NLRTM,CMA,2024-02-22,2024-03-21,2024-03-26
DRL01737,CNSHA,NLRTM,MAEU,2024-02-22,2024-03-19,2024-03-26
DRL01738,CNSHA,NLRTM,MSCU,2024-02-22,2024-03-23,2024-03-26
DRL01739,CNSHA,NLRTM,MSCU,2024-02-23,2024-03-28,2024-03-27
DRL01740,CNSHA,NLRTM,MSCU,2024-02-23,2024-03-30,2024-03-27
DRL01741,CNSHA,NLRTM,MSCU,2024-02-24,2024-03-24,2024-03-28
DRL01742,CNSHA,NLRTM,CMA,2024-02-24,2024-03-27,2024-03-28
DRL01743,CNSHA,NLRTM,CMA,2024-02-24,2024-03-30,2024-03-28
DRL01744,CNSHA,NLRTM,MSCU,2024-02-25,2024-03-28,2024-03-29
DRL01745,CNSHA,NLRTM,MSCU,2024-02-25,2024-03-19,2024-03-29
DRL01746,CNSHA,NLRTM,MSCU,2024-02-25,2024-03-28,2024-03-29
DRL01747,CNSHA,NLRTM,MAEU,2024-02-25,2024-03-27,2024-03-29
DRL01748,CNSHA,NLRTM,MAEU,2024-02-25,2024-03-27,2024-03-29
DRL01749,CNSHA,NLRTM,CMA,2024-02-26,2024-03-29,2024-03-30
DRL01750,CNSHA,NLRTM,CMA,2024-02-26,2024-03-25,2024-03-30
DRL01751,CNSHA,NLRTM,MSCU,2024-02-26,2024-03-26,2024-03-30
DRL01752,CNSHA,NLRTM,MSCU,2024-02-26,2024-03-25,2024-03-30
DRL01753,CNSHA,NLRTM,CMA,2024-02-27,2024-03-24,2024-03-31
DRL01754,CNSHA,NLRTM,CMA,2024-02-27,2024-03-26,2024-03-31
DRL01755,CNSHA,NLRTM,MSCU,2024-02-27,2024-03-31,2024-03-31
DRL01756,CNSHA,NLRTM,MSCU,2024-02-29,2024-03-29,2024-04-02
DRL01757,CNSHA,NLRTM,MAEU,2024-02-29,2024-03-31,2024-04-02
DRL01758,CNSHA,NLRTM,MSCU,2024-02-29,2024-03-25,2024-04-02
DRL01759,CNSHA,NLRTM,MAEU,2024-02-29,2024-03-28,2024-04-02
DRL01760,CNSHA,NLRTM,MSCU,2024-03-01,2024-04-01,2024-04-03
DRL01761,CNSHA,NLRTM,MAEU,2024-03-01,2024-04-02,2024-04-03
DRL01762,CNSHA,NLRTM,CMA,2024-03-01,2024-03-30,2024-04-03
DRL01763,CNSHA,NLRTM,MSCU,2024-03-01,2024-04-05,2024-04-03
DRL01764,CNSHA,NLRTM,MSCU,2024-03-02,2024-04-06,2024-04-04
DRL01765,CNSHA,NLRTM,MSCU,2024-03-02,2024-04-01,2024-04-04
DRL01766,CNSHA,NLRTM,CMA,2024-03-03,2024-04-01,2024-04-05
DRL01767,CNSHA,NLRTM,MAEU,2024-03-03,2024-03-31,2024-04-05
DRL01768,CNSHA,NLRTM,CMA,2024-03-03,2024-03-30,2024-04-05
DRL01769,CNSHA,NLRTM,MSCU,2024-03-04,2024-04-07,2024-04-06
DRL01770,CNSHA,NLRTM,MSCU,2024-03-04,2024-04-06,2024-04-06
DRL01771,CNSHA,NLRTM,CMA,2024-03-04,2024-04-07,2024-04-06
DRL01772,CNSHA,NLRTM,MSCU,2024-03-04,2024-04-03,2024-04-06
DRL01773,CNSHA,NLRTM,MAEU,2024-03-06,2024-04-08,2024-04-08
DRL01774,CNSHA,NLRTM,CMA,2024-03-06,2024-04-02,2024-04-08
DRL01775,CNSHA,NLRTM,MAEU,2024-03-06,2024-04-01,2024-04-08
DRL01776,CNSHA,NLRTM,MAEU,2024-03-06,2024-04-04,2024-04-08
DRL01777,CNSHA,NLRTM,MSCU,2024-03-06,2024-04-05,2024-04-08
DRL01778,CNSHA,NLRTM,CMA,2024-03-06,2024-04-05,2024-04-08
DRL01779,CNSHA,NLRTM,MAEU,2024-03-07,2024-04-10,2024-04-09
DRL01780,CNSHA,NLRTM,MSCU,2024-03-08,2024-04-07,2024-04-10
DRL01781,CNSHA,NLRTM,MSCU,2024-03-09,2024-04-12,2024-04-11
DRL01782,CNSHA,NLRTM,MSCU,2024-03-09,2024-04-01,2024-04-11
DRL01783,CNSHA,NLRTM,MSCU,2024-03-09,2024-04-05,2024-04-11
DRL01784,CNSHA,NLRTM,CMA,2024-03-09,2024-04-01,2024-04-11
DRL01785,CNSHA,NLRTM,MSCU,2024-03-09,2024-04-09,2024-04-11
DRL01786,CNSHA,NLRTM,MSCU,2024-03-09,2024-04-09,2024-04-11
DRL01787,CNSHA,NLRTM,MSCU,2024-03-09,2024-04-05,2024-04-11
DRL01788,CNSHA,NLRTM,MAEU,2024-03-10,2024-04-16,2024-04-12
DRL01789,CNSHA,NLRTM,MSCU,2024-03-10,2024-04-10,2024-04-12
DRL01790,CNSHA,NLRTM,MAEU,2024-03-10,2024-04-08,2024-04-12
DRL01791,CNSHA,NLRTM,MAEU,2024-03-11,2024-04-06,2024-04-13
DRL01792,CNSHA,NLRTM,MAEU,2024-03-11,2024-04-14,2024-04-13
DRL01793,CNSHA,NLRTM,CMA,2024-03-12,2024-04-13,2024-04-14
DRL01794,CNSHA,NLRTM,MAEU,2024-03-12,2024-04-11,2024-04-14
DRL01795,CNSHA,NLRTM,MAEU,2024-03-12,2024-04-11,2024-04-14
DRL01796,CNSHA,NLRTM,CMA,2024-03-12,2024-04-10,2024-04-14
DRL01797,CNSHA,NLRTM,MSCU,2024-03-12,2024-04-17,2024-04-14
DRL01798,CNSHA,NLRTM,MSCU,2024-03-13,2024-04-15,2024-04-15
DRL01799,CNSHA,NLRTM,CMA,2024-03-13,2024-04-10,2024-04-15
DRL01800,CNSHA,NLRTM,CMA,2024-03-14,2024-04-13,2024-04-16
DRL01801,CNSHA,NLRTM,MSCU,2024-03-14,2024-04-15,2024-04-16
DRL01802,CNSHA,NLRTM,CMA,2024-03-14,2024-04-15,2024-04-16
DRL01803,CNSHA,NLRTM,MSCU,2024-03-15,2024-04-14,2024-04-17
DRL01804,CNSHA,NLRTM,CMA,2024-03-15,2024-04-16,2024-04-17
DRL01805,CNSHA,NLRTM,CMA,2024-03-15,2024-04-11,2024-04-17
DRL01806,CNSHA,NLRTM,MAEU,2024-03-16,2024-04-17,2024-04-18
DRL01807,CNSHA,NLRTM,CMA,2024-03-16,2024-04-17,2024-04-18
DRL01808,CNSHA,NLRTM,CMA,2024-03-17,2024-04-14,2024-04-19
DRL01809,CNSHA,NLRTM,MSCU,2024-03-17,2024-04-16,2024-04-19
DRL01810,CNSHA,NLRTM,MSCU,2024-03-17,2024-04-16,2024-04-19
DRL01811,CNSHA,NLRTM,CMA,2024-03-17,2024-04-20,2024-04-19
DRL01812,CNSHA,NLRTM,MSCU,2024-03-17,2024-04-12,2024-04-19
DRL01813,CNSHA,NLRTM,MAEU,2024-03-18,2024-04-13,2024-04-20
DRL01814,CNSHA,NLRTM,CMA,2024-03-18,2024-04-18,2024-04-20
DRL01815,CNSHA,NLRTM,MSCU,2024-03-19,2024-04-25,2024-04-21
DRL01816,CNSHA,NLRTM,MAEU,2024-03-20,2024-04-22,2024-04-22
DRL01817,CNSHA,NLRTM,MSCU,2024-03-20,2024-04-19,2024-04-22
DRL01818,CNSHA,NLRTM,CMA,2024-03-20,2024-04-16,2024-04-22
DRL01819,CNSHA,NLRTM,MAEU,2024-03-20,2024-04-16,2024-04-22
DRL01820,CNSHA,NLRTM,MAEU,2024-03-21,2024-04-18,2024-04-23
DRL01821,CNSHA,NLRTM,MSCU,2024-03-21,2024-04-22,2024-04-23
DRL01822,CNSHA,NLRTM,CMA,2024-03-21,2024-04-21,2024-04-23
DRL01823,CNSHA,NLRTM,MAEU,2024-03-22,2024-04-19,2024-04-24
DRL01824,CNSHA,NLRTM,CMA,2024-03-22,2024-04-20,2024-04-24
DRL01825,CNSHA,NLRTM,CMA,2024-03-22,2024-04-25,2024-04-24
DRL01826,CNSHA,NLRTM,CMA,2024-03-23,2024-04-27,2024-04-25
DRL01827,CNSHA,NLRTM,CMA,2024-03-24,2024-04-27,2024-04-26
DRL01828,CNSHA,NLRTM,CMA,2024-03-24,2024-04-21,2024-04-26
DRL01829,CNSHA,NLRTM,MSCU,2024-03-25,2024-04-25,2024-04-27
DRL01830,CNSHA,NLRTM,CMA,2024-03-25,2024-04-24,2024-04-27
DRL01831,CNSHA,NLRTM,CMA,2024-03-25,2024-04-27,2024-04-27
DRL01832,CNSHA,NLRTM,MAEU,2024-03-25,2024-04-24,2024-04-27
DRL01833,CNSHA,NLRTM,MSCU,2024-03-26,2024-04-22,2024-04-28
DRL01834,CNSHA,NLRTM,MAEU,2024-03-28,2024-04-27,2024-04-30
DRL01835,CNSHA,NLRTM,MAEU,2024-03-29,2024-04-24,2024-05-01
DRL01836,CNSHA,NLRTM,MSCU,2024-03-29,2024-04-25,2024-05-01
DRL01837,CNSHA,NLRTM,CMA,2024-03-29,2024-04-27,2024-05-01
DRL01838,CNSHA,NLRTM,CMA,2024-03-30,2024-05-02,2024-05-02
DRL01839,CNSHA,NLRTM,MAEU,2024-03-30,2024-04-29,2024-05-02
DRL01840,CNSHA,NLRTM,CMA,2024-03-31,2024-04-28,2024-05-03
DRL01841,CNSHA,NLRTM,MAEU,2024-03-31,2024-04-29,2024-05-03
DRL01842,CNSHA,NLRTM,MSCU,2024-03-31,2024-04-30,2024-05-03
DRL01843,CNSHA,NLRTM,CMA,2024-03-31,2024-04-27,2024-05-03
DRL01844,CNSHA,NLRTM,MSCU,2024-03-31,2024-04-29,2024-05-03
DRL01845,CNSHA,NLRTM,MAEU,2024-03-31,2024-05-02,2024-05-03
DRL01846,CNSHA,NLRTM,MSCU,2024-04-02,2024-05-06,2024-05-05
DRL01847,CNSHA,NLRTM,MSCU,2024-04-03,2024-05-02,2024-05-06
DRL01848,CNSHA,NLRTM,MAEU,2024-04-04,2024-05-04,2024-05-07
DRL01849,CNSHA,NLRTM,MSCU,2024-04-04,2024-04-30,2024-05-07
DRL01850,CNSHA,NLRTM,CMA,2024-04-05,2024-05-06,2024-05-08
DRL01851,CNSHA,NLRTM,MSCU,2024-04-05,2024-05-06,2024-05-08
DRL01852,CNSHA,NLRTM,MAEU,2024-04-07,2024-05-06,2024-05-10
DRL01853,CNSHA,NLRTM,MSCU,2024-04-07,2024-05-07,2024-05-10
DRL01854,CNSHA,NLRTM,MSCU,2024-04-09,2024-05-10,2024-05-12
DRL01855,CNSHA,NLRTM,MAEU,2024-04-09,2024-05-09,2024-05-12
DRL01856,CNSHA,NLRTM,MSCU,2024-04-09,2024-05-11,2024-05-12
DRL01857,CNSHA,NLRTM,CMA,2024-04-10,2024-05-18,2024-05-13
DRL01858,CNSHA,NLRTM,MSCU,2024-04-10,2024-05-10,2024-05-13
DRL01859,CNSHA,NLRTM,CMA,2024-04-10,2024-05-09,2024-05-13
DRL01860,CNSHA,NLRTM,MAEU,2024-04-10,2024-05-12,2024-05-13
DRL01861,CNSHA,NLRTM,MAEU,2024-04-12,2024-05-14,2024-05-15
DRL01862,CNSHA,NLRTM,MSCU,2024-04-12,2024-05-16,2024-05-15
DRL01863,CNSHA,NLRTM,MSCU,2024-04-12,2024-05-11,2024-05-15
DRL01864,CNSHA,NLRTM,CMA,2024-04-12,2024-05-15,2024-05-15
DRL01865,CNSHA,NLRTM,CMA,2024-04-13,2024-05-14,2024-05-16
DRL01866,CNSHA,NLRTM,MSCU,2024-04-13,2024-05-10,2024-05-16
DRL01867,CNSHA,NLRTM,MSCU,2024-04-15,2024-05-15,2024-05-18
DRL01868,CNSHA,NLRTM,CMA,2024-04-15,2024-05-19,2024-05-18
DRL01869,CNSHA,NLRTM,MAEU,2024-04-16,2024-05-15,2024-05-19
DRL01870,CNSHA,NLRTM,CMA,2024-04-17,2024-05-16,2024-05-20
DRL01871,CNSHA,NLRTM,MSCU,2024-04-17,2024-05-14,2024-05-20
DRL01872,CNSHA,NLRTM,MSCU,2024-04-17,2024-05-16,2024-05-20
DRL01873,CNSHA,NLRTM,CMA,2024-04-18,2024-05-22,2024-05-21
DRL01874,CNSHA,NLRTM,CMA,2024-04-18,2024-05-19,2024-05-21
DRL01875,CNSHA,NLRTM,MSCU,2024-04-19,2024-05-21,2024-05-22
DRL01876,CNSHA,NLRTM,CMA,2024-04-19,2024-05-15,2024-05-22
DRL01877,CNSHA,NLRTM,MSCU,2024-04-19,2024-05-17,2024-05-22
DRL01878,CNSHA,NLRTM,MAEU,2024-04-20,2024-05-20,2024-05-23
DRL01879,CNSHA,NLRTM,MAEU,2024-04-20,2024-05-20,2024-05-23
DRL01880,CNSHA,NLRTM,CMA,2024-04-20,2024-05-23,2024-05-23
DRL01881,CNSHA,NLRTM,MAEU,2024-04-21,2024-05-24,2024-05-24
DRL01882,CNSHA,NLRTM,CMA,2024-04-21,2024-05-16,2024-05-24
DRL01883,CNSHA,NLRTM,MSCU,2024-04-21,2024-05-24,2024-05-24
DRL01884,CNSHA,NLRTM,MSCU,2024-04-22,2024-05-22,2024-05-25
DRL01885,CNSHA,NLRTM,CMA,2024-04-22,2024-05-19,2024-05-25
DRL01886,CNSHA,NLRTM,CMA,2024-04-23,2024-05-26,2024-05-26
DRL01887,CNSHA,NLRTM,CMA,2024-04-24,2024-05-22,2024-05-27
DRL01888,CNSHA,NLRTM,MSCU,2024-04-24,2024-05-25,2024-05-27
DRL01889,CNSHA,NLRTM,MAEU,2024-04-24,2024-05-27,2024-05-27
DRL01890,CNSHA,NLRTM,MSCU,2024-04-24,2024-05-24,2024-05-27
DRL01891,CNSHA,NLRTM,MSCU,2024-04-25,2024-05-22,2024-05-28
DRL01892,CNSHA,NLRTM,MAEU,2024-04-25,2024-05-25,2024-05-28
DRL01893,CNSHA,NLRTM,MAEU,2024-04-26,2024-05-25,2024-05-29
DRL01894,CNSHA,NLRTM,MSCU,2024-04-26,2024-05-28,2024-05-29
DRL01895,CNSHA,NLRTM,MAEU,2024-04-26,2024-05-23,2024-05-29
DRL01896,CNSHA,NLRTM,CMA,2024-04-26,2024-05-29,2024-05-29
DRL01897,CNSHA,NLRTM,MSCU,2024-04-26,2024-05-24,2024-05-29
DRL01898,CNSHA,NLRTM,MSCU,2024-04-27,2024-05-28,2024-05-30
DRL01899,CNSHA,NLRTM,MSCU,2024-04-27,2024-05-26,2024-05-30
DRL01900,CNSHA,NLRTM,MAEU,2024-04-27,2024-05-28,2024-05-30
DRL01901,CNSHA,NLRTM,MSCU,2024-04-28,2024-06-03,2024-05-31
DRL01902,CNSHA,NLRTM,MAEU,2024-04-28,2024-05-24,2024-05-31
DRL01903,CNSHA,NLRTM,MAEU,2024-04-29,2024-05-29,2024-06-01
DRL01904,CNSHA,NLRTM,MSCU,2024-04-30,2024-06-03,2024-06-02
DRL01905,CNSHA,NLRTM,MAEU,2024-04-30,2024-05-25,2024-06-02
DRL01906,CNSHA,NLRTM,MSCU,2024-04-30,2024-05-26,2024-06-02
DRL01907,CNSHA,NLRTM,MAEU,2024-05-01,2024-05-29,2024-06-03
DRL01908,CNSHA,NLRTM,MSCU,2024-05-02,2024-06-06,2024-06-04
DRL01909,CNSHA,NLRTM,MAEU,2024-05-03,2024-06-05,2024-06-05
DRL01910,CNSHA,NLRTM,CMA,2024-05-03,2024-06-02,2024-06-05
DRL01911,CNSHA,NLRTM,MSCU,2024-05-03,2024-06-05,2024-06-05
DRL01912,CNSHA,NLRTM,MSCU,2024-05-04,2024-06-07,2024-06-06
DRL01913,CNSHA,NLRTM,MAEU,2024-05-04,2024-06-05,2024-06-06
DRL01914,CNSHA,NLRTM,CMA,2024-05-05,2024-06-04,2024-06-07
DRL01915,CNSHA,NLRTM,CMA,2024-05-05,2024-06-06,2024-06-07
DRL01916,CNSHA,NLRTM,MSCU,2024-05-05,2024-05-27,2024-06-07
DRL01917,CNSHA,NLRTM,MSCU,2024-05-06,2024-06-06,2024-06-08
DRL01918,CNSHA,NLRTM,MAEU,2024-05-06,2024-06-04,2024-06-08
DRL01919,CNSHA,NLRTM,MAEU,2024-05-06,2024-06-03,2024-06-08
DRL01920,CNSHA,NLRTM,CMA,2024-05-06,2024-06-03,2024-06-08
DRL01921,CNSHA,NLRTM,MAEU,2024-05-06,2024-06-06,2024-06-08
DRL01922,CNSHA,NLRTM,MSCU,2024-05-07,2024-06-01,2024-06-09
DRL01923,CNSHA,NLRTM,MSCU,2024-05-07,2024-06-04,2024-06-09
DRL01924,CNSHA,NLRTM,CMA,2024-05-07,2024-06-12,2024-06-09
DRL01925,CNSHA,NLRTM,CMA,2024-05-08,2024-06-08,2024-06-10
DRL01926,CNSHA,NLRTM,CMA,2024-05-08,2024-06-07,2024-06-10
DRL01927,CNSHA,NLRTM,MAEU,2024-05-08,2024-06-08,2024-06-10
DRL01928,CNSHA,NLRTM,MAEU,2024-05-09,2024-06-08,2024-06-11
DRL01929,CNSHA,NLRTM,MSCU,2024-05-09,2024-06-05,2024-06-11
DRL01930,CNSHA,NLRTM,CMA,2024-05-09,2024-06-07,2024-06-11
DRL01931,CNSHA,NLRTM,CMA,2024-05-10,2024-06-09,2024-06-12
DRL01932,CNSHA,NLRTM,MAEU,2024-05-10,2024-06-06,2024-06-12
DRL01933,CNSHA,NLRTM,CMA,2024-05-10,2024-06-10,2024-06-12
DRL01934,CNSHA,NLRTM,MSCU,2024-05-11,2024-06-08,2024-06-13
DRL01935,CNSHA,NLRTM,MSCU,2024-05-11,2024-06-13,2024-06-13
DRL01936,CNSHA,NLRTM,MSCU,2024-05-11,2024-06-11,2024-06-13
DRL01937,CNSHA,NLRTM,MSCU,2024-05-11,2024-06-10,2024-06-13
DRL01938,CNSHA,NLRTM,MAEU,2024-05-12,2024-06-12,2024-06-14
DRL01939,CNSHA,NLRTM,MAEU,2024-05-12,2024-06-12,2024-06-14
DRL01940,CNSHA,NLRTM,MAEU,2024-05-12,2024-06-09,2024-06-14
DRL01941,CNSHA,NLRTM,MAEU,2024-05-13,2024-06-08,2024-06-15
DRL01942,CNSHA,NLRTM,MAEU,2024-05-13,2024-06-16,2024-06-15
DRL01943,CNSHA,NLRTM,MAEU,2024-05-14,2024-06-10,2024-06-16
DRL01944,CNSHA,NLRTM,MSCU,2024-05-14,2024-06-13,2024-06-16
DRL01945,CNSHA,NLRTM,CMA,2024-05-15,2024-06-14,2024-06-17
DRL01946,CNSHA,NLRTM,MAEU,2024-05-16,2024-06-17,2024-06-18
DRL01947,CNSHA,NLRTM,CMA,2024-05-16,2024-06-13,2024-06-18
DRL01948,CNSHA,NLRTM,MAEU,2024-05-18,2024-06-15,2024-06-20
DRL01949,CNSHA,NLRTM,CMA,2024-05-19,2024-06-21,2024-06-21
DRL01950,CNSHA,NLRTM,MSCU,2024-05-19,2024-06-17,2024-06-21
DRL01951,CNSHA,NLRTM,MAEU,2024-05-19,2024-06-20,2024-06-21
DRL01952,CNSHA,NLRTM,MAEU,2024-05-19,2024-06-18,2024-06-21
DRL01953,CNSHA,NLRTM,MAEU,2024-05-19,2024-06-24,2024-06-21
DRL01954,CNSHA,NLRTM,CMA,2024-05-20,2024-06-14,2024-06-22
DRL01955,CNSHA,NLRTM,MAEU,2024-05-20,2024-06-20,2024-06-22
DRL01956,CNSHA,NLRTM,MSCU,2024-05-20,2024-06-24,2024-06-22
DRL01957,CNSHA,NLRTM,CMA,2024-05-20,2024-06-22,2024-06-22
DRL01958,CNSHA,NLRTM,CMA,2024-05-21,2024-06-19,2024-06-23
DRL01959,CNSHA,NLRTM,CMA,2024-05-21,2024-06-21,2024-06-23
DRL01960,CNSHA,NLRTM,MAEU,2024-05-23,2024-06-19,2024-06-25
DRL01961,CNSHA,NLRTM,MAEU,2024-05-23,2024-06-27,2024-06-25
DRL01962,CNSHA,NLRTM,MAEU,2024-05-23,2024-06-25,2024-06-25
DRL01963,CNSHA,NLRTM,MAEU,2024-05-24,2024-06-22,2024-06-26
DRL01964,CNSHA,NLRTM,MAEU,2024-05-26,2024-06-24,2024-06-28
DRL01965,CNSHA,NLRTM,MSCU,2024-05-27,2024-06-28,2024-06-29
DRL01966,CNSHA,NLRTM,MSCU,2024-05-27,2024-06-28,2024-06-29
DRL01967,CNSHA,NLRTM,MAEU,2024-05-27,2024-06-25,2024-06-29
DRL01968,CNSHA,NLRTM,MAEU,2024-05-28,2024-06-30,2024-06-30
DRL01969,CNSHA,NLRTM,MAEU,2024-05-28,2024-07-01,2024-06-30
DRL01970,CNSHA,NLRTM,CMA,2024-05-28,2024-06-24,2024-06-30
DRL01971,CNSHA,NLRTM,MAEU,2024-05-30,2024-06-30,2024-07-02
DRL01972,CNSHA,NLRTM,MSCU,2024-05-30,2024-07-02,2024-07-02
DRL01973,CNSHA,NLRTM,CMA,2024-05-31,2024-07-04,2024-07-03
DRL01974,CNSHA,NLRTM,MSCU,2024-05-31,2024-06-26,2024-07-03
DRL01975,CNSHA,NLRTM,MAEU,2024-06-01,2024-07-05,2024-07-04
DRL01976,CNSHA,NLRTM,MAEU,2024-06-02,2024-07-03,2024-07-05
DRL01977,CNSHA,NLRTM,CMA,2024-06-02,2024-06-29,2024-07-05
DRL01978,CNSHA,NLRTM,MAEU,2024-06-02,2024-07-01,2024-07-05
DRL01979,CNSHA,NLRTM,MAEU,2024-06-02,2024-07-02,2024-07-05
DRL01980,CNSHA,NLRTM,CMA,2024-06-03,2024-06-27,2024-07-06
DRL01981,CNSHA,NLRTM,MAEU,2024-06-03,2024-07-02,2024-07-06
DRL01982,CNSHA,NLRTM,CMA,2024-06-04,2024-07-04,2024-07-07
DRL01983,CNSHA,NLRTM,MAEU,2024-06-04,2024-07-04,2024-07-07
DRL01984,CNSHA,NLRTM,MSCU,2024-06-05,2024-07-13,2024-07-08
DRL01985,CNSHA,NLRTM,MAEU,2024-06-05,2024-07-02,2024-07-08
DRL01986,CNSHA,NLRTM,CMA,2024-06-06,2024-07-07,2024-07-09
DRL01987,CNSHA,NLRTM,MAEU,2024-06-07,2024-07-04,2024-07-10
DRL01988,CNSHA,NLRTM,CMA,2024-06-07,2024-07-05,2024-07-10
DRL01989,CNSHA,NLRTM,MAEU,2024-06-07,2024-07-05,2024-07-10
DRL01990,CNSHA,NLRTM,MAEU,2024-06-07,2024-07-02,2024-07-10
DRL01991,CNSHA,NLRTM,MAEU,2024-06-08,2024-07-03,2024-07-11
DRL01992,CNSHA,NLRTM,MSCU,2024-06-08,2024-07-10,2024-07-11
DRL01993,CNSHA,NLRTM,MSCU,2024-06-08,2024-07-14,2024-07-11
DRL01994,CNSHA,NLRTM,MSCU,2024-06-08,2024-07-03,2024-07-11
DRL01995,CNSHA,NLRTM,MAEU,2024-06-08,2024-07-09,2024-07-11
DRL01996,CNSHA,NLRTM,CMA,2024-06-09,2024-07-12,2024-07-12
DRL01997,CNSHA,NLRTM,MAEU,2024-06-09,2024-07-16,2024-07-12
DRL01998,CNSHA,NLRTM,CMA,2024-06-10,2024-07-10,2024-07-13
DRL01999,CNSHA,NLRTM,CMA,2024-06-10,2024-07-10,2024-07-13
DRL02000,CNSHA,NLRTM,CMA,2024-06-11,2024-07-10,2024-07-14
DRL02001,CNSHA,NLRTM,MAEU,2024-06-12,2024-07-12,2024-07-15
DRL02002,CNSHA,NLRTM,MAEU,2024-06-13,2024-07-13,2024-07-16
DRL02003,CNSHA,NLRTM,MSCU,2024-06-13,2024-07-12,2024-07-16
DRL02004,CNSHA,NLRTM,CMA,2024-06-13,2024-07-13,2024-07-16
DRL02005,CNSHA,NLRTM,MAEU,2024-06-14,2024-07-07,2024-07-17
DRL02006,CNSHA,NLRTM,MAEU,2024-06-14,2024-07-14,2024-07-17
DRL02007,CNSHA,NLRTM,MAEU,2024-06-14,2024-07-11,2024-07-17
DRL02008,CNSHA,NLRTM,MSCU,2024-06-14,2024-07-18,2024-07-17
DRL02009,CNSHA,NLRTM,MSCU,2024-06-14,2024-07-14,2024-07-17
DRL02010,CNSHA,NLRTM,CMA,2024-06-15,2024-07-12,2024-07-18
DRL02011,CNSHA,NLRTM,CMA,2024-06-15,2024-07-10,2024-07-18
DRL02012,CNSHA,NLRTM,MAEU,2024-06-16,2024-07-13,2024-07-19
DRL02013,CNSHA,NLRTM,MAEU,2024-06-17,2024-07-20,2024-07-20
DRL02014,CNSHA,NLRTM,MAEU,2024-06-17,2024-07-15,2024-07-20
DRL02015,CNSHA,NLRTM,MSCU,2024-06-17,2024-07-18,2024-07-20
DRL02016,CNSHA,NLRTM,MSCU,2024-06-18,2024-07-24,2024-07-21
DRL02017,CNSHA,NLRTM,MAEU,2024-06-18,2024-07-17,2024-07-21
DRL02018,CNSHA,NLRTM,MSCU,2024-06-18,2024-07-16,2024-07-21
DRL02019,CNSHA,NLRTM,MSCU,2024-06-18,2024-07-18,2024-07-21
DRL02020,CNSHA,NLRTM,MSCU,2024-06-18,2024-07-19,2024-07-21
DRL02021,CNSHA,NLRTM,MAEU,2024-06-18,2024-07-17,2024-07-21
DRL02022,CNSHA,NLRTM,MAEU,2024-06-19,2024-07-17,2024-07-22
DRL02023,CNSHA,NLRTM,CMA,2024-06-20,2024-07-14,2024-07-23
DRL02024,CNSHA,NLRTM,CMA,2024-06-20,2024-07-23,2024-07-23
DRL02025,CNSHA,NLRTM,MAEU,2024-06-20,2024-07-22,2024-07-23
DRL02026,CNSHA,NLRTM,MSCU,2024-06-21,2024-07-17,2024-07-24
DRL02027,CNSHA,NLRTM,MAEU,2024-06-21,2024-07-25,2024-07-24
DRL02028,CNSHA,NLRTM,CMA,2024-06-21,2024-07-22,2024-07-24
DRL02029,CNSHA,NLRTM,MSCU,2024-06-21,2024-07-23,2024-07-24
DRL02030,CNSHA,NLRTM,MSCU,2024-06-22,2024-07-22,2024-07-25
DRL02031,CNSHA,NLRTM,CMA,2024-06-22,2024-07-21,2024-07-25
DRL02032,CNSHA,NLRTM,MAEU,2024-06-22,2024-07-17,2024-07-25
DRL02033,CNSHA,NLRTM,MSCU,2024-06-22,2024-07-20,2024-07-25
DRL02034,CNSHA,NLRTM,MAEU,2024-06-23,2024-07-21,2024-07-26
DRL02035,CNSHA,NLRTM,MSCU,2024-06-23,2024-07-27,2024-07-26
DRL02036,CNSHA,NLRTM,CMA,2024-06-23,2024-07-21,2024-07-26
DRL02037,CNSHA,NLRTM,MAEU,2024-06-24,2024-07-18,2024-07-27
DRL02038,CNSHA,NLRTM,CMA,2024-06-24,2024-07-24,2024-07-27
DRL02039,CNSHA,NLRTM,CMA,2024-06-25,2024-07-19,2024-07-28
DRL02040,CNSHA,NLRTM,MSCU,2024-06-25,2024-07-30,2024-07-28
DRL02041,CNSHA,NLRTM,MSCU,2024-06-25,2024-07-30,2024-07-28
DRL02042,CNSHA,NLRTM,CMA,2024-06-26,2024-07-31,2024-07-29
DRL02043,CNSHA,NLRTM,CMA,2024-06-27,2024-07-26,2024-07-30
DRL02044,CNSHA,NLRTM,CMA,2024-06-27,2024-07-27,2024-07-30
DRL02045,CNSHA,NLRTM,MAEU,2024-06-27,2024-07-26,2024-07-30
DRL02046,CNSHA,NLRTM,MSCU,2024-06-27,2024-07-29,2024-07-30
DRL02047,CNSHA,NLRTM,CMA,2024-06-27,2024-07-22,2024-07-30
DRL02048,CNSHA,NLRTM,CMA,2024-06-28,2024-07-29,2024-07-31
DRL02049,CNSHA,NLRTM,CMA,2024-06-28,2024-07-27,2024-07-31
DRL02050,CNSHA,NLRTM,CMA,2024-06-28,2024-08-02,2024-07-31
DRL02051,CNSHA,NLRTM,MSCU,2024-06-28,2024-07-27,2024-07-31
DRL02052,CNSHA,NLRTM,MSCU,2024-06-28,2024-07-30,2024-07-31
DRL02053,CNSHA,NLRTM,CMA,2024-06-29,2024-07-27,2024-08-01
DRL02054,CNSHA,NLRTM,MAEU,2024-06-30,2024-08-01,2024-08-02
